root_id,root,canonical_pattern,aliases,scope,root_type,demand_category,primary_intent,applicable_domains,example_keywords,status,evidence_level,validation_basis,evidence_ref,source_name,source_url,added_at,last_verified_at,notes
root-online,online,x online,,universal,query_modifier,access,mixed,all,online calculator; online editor,active,L1,Exact member of Gefei 51 published tool-root list | Exact member of published 122-root expansion list,https://www.wangmingchang.com/51-ge-ci-gen-biao-ge-zheng-li-ban | https://mp.weixin.qq.com/s/pFi683ZoT_WJXO_t770vSQ | https://developer.cloud.tencent.com/article/2629255,Gefei 51 tool roots (original + public mirror) | 122-root expansion list,https://www.wangmingchang.com/51-ge-ci-gen-biao-ge-zheng-li-ban | https://mp.weixin.qq.com/s/pFi683ZoT_WJXO_t770vSQ | https://developer.cloud.tencent.com/article/2629255,2026-08-22,,"Verified here means accepted as a root asset, not that every root×domain combination is an SEO opportunity. | Published-list inclusion establishes provenance only; downstream demand remains unvalidated."
root-analyzer,analyzer,x analyzer,analyse; analysis,universal,functional_suffix,analyze,tool,all,text analyzer; website analyzer,active,L1,Exact member of Gefei 51 published tool-root list | Exact member of published 122-root expansion list,https://www.wangmingchang.com/51-ge-ci-gen-biao-ge-zheng-li-ban | https://mp.weixin.qq.com/s/pFi683ZoT_WJXO_t770vSQ | https://developer.cloud.tencent.com/article/2629255,Gefei 51 tool roots (original + public mirror) | 122-root expansion list,https://www.wangmingchang.com/51-ge-ci-gen-biao-ge-zheng-li-ban | https://mp.weixin.qq.com/s/pFi683ZoT_WJXO_t770vSQ | https://developer.cloud.tencent.com/article/2629255,2026-08-22,,"Verified here means accepted as a root asset, not that every root×domain combination is an SEO opportunity. | Published-list inclusion establishes provenance only; downstream demand remains unvalidated."
root-checker,checker,x checker,check,universal,functional_suffix,analyze,tool,all,grammar checker; plagiarism checker,active,L1,Exact member of Gefei 51 published tool-root list | Exact member of published 122-root expansion list,https://www.wangmingchang.com/51-ge-ci-gen-biao-ge-zheng-li-ban | https://mp.weixin.qq.com/s/pFi683ZoT_WJXO_t770vSQ | https://developer.cloud.tencent.com/article/2629255,Gefei 51 tool roots (original + public mirror) | 122-root expansion list,https://www.wangmingchang.com/51-ge-ci-gen-biao-ge-zheng-li-ban | https://mp.weixin.qq.com/s/pFi683ZoT_WJXO_t770vSQ | https://developer.cloud.tencent.com/article/2629255,2026-08-22,,"Verified here means accepted as a root asset, not that every root×domain combination is an SEO opportunity. | Published-list inclusion establishes provenance only; downstream demand remains unvalidated."
root-compiler,compiler,x compiler,,universal,functional_suffix,analyze,tool,all,c++ compiler; online compiler,active,L1,Exact member of Gefei 51 published tool-root list | Exact member of published 122-root expansion list,https://www.wangmingchang.com/51-ge-ci-gen-biao-ge-zheng-li-ban | https://mp.weixin.qq.com/s/pFi683ZoT_WJXO_t770vSQ | https://developer.cloud.tencent.com/article/2629255,Gefei 51 tool roots (original + public mirror) | 122-root expansion list,https://www.wangmingchang.com/51-ge-ci-gen-biao-ge-zheng-li-ban | https://mp.weixin.qq.com/s/pFi683ZoT_WJXO_t770vSQ | https://developer.cloud.tencent.com/article/2629255,2026-08-22,,"Verified here means accepted as a root asset, not that every root×domain combination is an SEO opportunity. | Published-list inclusion establishes provenance only; downstream demand remains unvalidated."
root-detector,detector,x detector,detect,universal,functional_suffix,analyze,tool,all,ai detector; plagiarism detector,active,L1,Exact member of Gefei 51 published tool-root list | Exact member of published 122-root expansion list,https://www.wangmingchang.com/51-ge-ci-gen-biao-ge-zheng-li-ban | https://mp.weixin.qq.com/s/pFi683ZoT_WJXO_t770vSQ | https://developer.cloud.tencent.com/article/2629255,Gefei 51 tool roots (original + public mirror) | 122-root expansion list,https://www.wangmingchang.com/51-ge-ci-gen-biao-ge-zheng-li-ban | https://mp.weixin.qq.com/s/pFi683ZoT_WJXO_t770vSQ | https://developer.cloud.tencent.com/article/2629255,2026-08-22,,"Verified here means accepted as a root asset, not that every root×domain combination is an SEO opportunity. | Published-list inclusion establishes provenance only; downstream demand remains unvalidated."
root-evaluator,evaluator,x evaluator,,universal,functional_suffix,analyze,tool,all,website evaluator; expression evaluator,active,L1,Exact member of Gefei 51 published tool-root list | Exact member of published 122-root expansion list,https://www.wangmingchang.com/51-ge-ci-gen-biao-ge-zheng-li-ban | https://mp.weixin.qq.com/s/pFi683ZoT_WJXO_t770vSQ | https://developer.cloud.tencent.com/article/2629255,Gefei 51 tool roots (original + public mirror) | 122-root expansion list,https://www.wangmingchang.com/51-ge-ci-gen-biao-ge-zheng-li-ban | https://mp.weixin.qq.com/s/pFi683ZoT_WJXO_t770vSQ | https://developer.cloud.tencent.com/article/2629255,2026-08-22,,"Verified here means accepted as a root asset, not that every root×domain combination is an SEO opportunity. | Published-list inclusion establishes provenance only; downstream demand remains unvalidated."
root-interpreter,interpreter,x interpreter,,universal,functional_suffix,analyze,tool,all,python interpreter; dream interpreter,active,L1,Exact member of Gefei 51 published tool-root list | Exact member of published 122-root expansion list,https://www.wangmingchang.com/51-ge-ci-gen-biao-ge-zheng-li-ban | https://mp.weixin.qq.com/s/pFi683ZoT_WJXO_t770vSQ | https://developer.cloud.tencent.com/article/2629255,Gefei 51 tool roots (original + public mirror) | 122-root expansion list,https://www.wangmingchang.com/51-ge-ci-gen-biao-ge-zheng-li-ban | https://mp.weixin.qq.com/s/pFi683ZoT_WJXO_t770vSQ | https://developer.cloud.tencent.com/article/2629255,2026-08-22,,"Verified here means accepted as a root asset, not that every root×domain combination is an SEO opportunity. | Published-list inclusion establishes provenance only; downstream demand remains unvalidated."
root-optimizer,optimizer,x optimizer,optimiser; optimize,universal,functional_suffix,analyze,tool,all,image optimizer; route optimizer,active,L1,Exact member of Gefei 51 published tool-root list | Exact member of published 122-root expansion list,https://www.wangmingchang.com/51-ge-ci-gen-biao-ge-zheng-li-ban | https://mp.weixin.qq.com/s/pFi683ZoT_WJXO_t770vSQ | https://developer.cloud.tencent.com/article/2629255,Gefei 51 tool roots (original + public mirror) | 122-root expansion list,https://www.wangmingchang.com/51-ge-ci-gen-biao-ge-zheng-li-ban | https://mp.weixin.qq.com/s/pFi683ZoT_WJXO_t770vSQ | https://developer.cloud.tencent.com/article/2629255,2026-08-22,,"Verified here means accepted as a root asset, not that every root×domain combination is an SEO opportunity. | Published-list inclusion establishes provenance only; downstream demand remains unvalidated."
root-verifier,verifier,x verifier,verify,universal,functional_suffix,analyze,tool,all,email verifier; address verifier,active,L1,Exact member of Gefei 51 published tool-root list,https://www.wangmingchang.com/51-ge-ci-gen-biao-ge-zheng-li-ban | https://mp.weixin.qq.com/s/pFi683ZoT_WJXO_t770vSQ,Gefei 51 tool roots (original + public mirror),https://www.wangmingchang.com/51-ge-ci-gen-biao-ge-zheng-li-ban | https://mp.weixin.qq.com/s/pFi683ZoT_WJXO_t770vSQ,2026-08-22,,"Verified here means accepted as a root asset, not that every root×domain combination is an SEO opportunity. | Published-list inclusion establishes provenance only; downstream demand remains unvalidated."
root-calculator,calculator,x calculator,calc,universal,functional_suffix,calculate,tool,all,mortgage calculator; age calculator,active,L1,Exact member of Gefei 51 published tool-root list | Exact member of published 122-root expansion list,https://www.wangmingchang.com/51-ge-ci-gen-biao-ge-zheng-li-ban | https://mp.weixin.qq.com/s/pFi683ZoT_WJXO_t770vSQ | https://developer.cloud.tencent.com/article/2629255,Gefei 51 tool roots (original + public mirror) | 122-root expansion list,https://www.wangmingchang.com/51-ge-ci-gen-biao-ge-zheng-li-ban | https://mp.weixin.qq.com/s/pFi683ZoT_WJXO_t770vSQ | https://developer.cloud.tencent.com/article/2629255,2026-08-22,,"Verified here means accepted as a root asset, not that every root×domain combination is an SEO opportunity. | Published-list inclusion establishes provenance only; downstream demand remains unvalidated."
root-best,best,x best,,universal,decision_pattern,compare,commercial,all,best coffee grinder; best time to visit japan,active,L1,Exact member of published 122-root expansion list | Included in 122 expansion list,https://developer.cloud.tencent.com/article/2629255,122-root expansion list | Root Library v1 curation,https://developer.cloud.tencent.com/article/2629255,2026-08-22,,Published-list inclusion establishes provenance only; downstream demand remains unvalidated.
root-comparator,comparator,x comparator,compare,universal,functional_suffix,compare,tool,all,price comparator; product comparator,active,L1,Exact member of Gefei 51 published tool-root list | Exact member of published 122-root expansion list,https://www.wangmingchang.com/51-ge-ci-gen-biao-ge-zheng-li-ban | https://mp.weixin.qq.com/s/pFi683ZoT_WJXO_t770vSQ | https://developer.cloud.tencent.com/article/2629255,Gefei 51 tool roots (original + public mirror) | 122-root expansion list,https://www.wangmingchang.com/51-ge-ci-gen-biao-ge-zheng-li-ban | https://mp.weixin.qq.com/s/pFi683ZoT_WJXO_t770vSQ | https://developer.cloud.tencent.com/article/2629255,2026-08-22,,"Verified here means accepted as a root asset, not that every root×domain combination is an SEO opportunity. | Published-list inclusion establishes provenance only; downstream demand remains unvalidated."
root-compatibility,compatibility,x compatibility,,universal,relationship_pattern,compare,informational,relationships;astrology;products,relationship compatibility; zodiac compatibility,verified,L2,Observed recurring demand family in Semrush US batch (53 matching unique keywords).,references/semrush-interest-scan-2026-08-22.md#compatibility,Semrush US interest-domain scan 2026-08-22,,2026-08-22,2026-08-22,
root-builder,builder,x builder,,universal,functional_suffix,create,tool,all,website builder; resume builder,active,L1,Exact member of Gefei 51 published tool-root list | Exact member of published 122-root expansion list,https://www.wangmingchang.com/51-ge-ci-gen-biao-ge-zheng-li-ban | https://mp.weixin.qq.com/s/pFi683ZoT_WJXO_t770vSQ | https://developer.cloud.tencent.com/article/2629255,Gefei 51 tool roots (original + public mirror) | 122-root expansion list,https://www.wangmingchang.com/51-ge-ci-gen-biao-ge-zheng-li-ban | https://mp.weixin.qq.com/s/pFi683ZoT_WJXO_t770vSQ | https://developer.cloud.tencent.com/article/2629255,2026-08-22,,"Verified here means accepted as a root asset, not that every root×domain combination is an SEO opportunity. | Published-list inclusion establishes provenance only; downstream demand remains unvalidated."
root-constructor,constructor,x constructor,,universal,functional_suffix,create,tool,all,regex constructor; form constructor,active,L1,Exact member of Gefei 51 published tool-root list | Exact member of published 122-root expansion list,https://www.wangmingchang.com/51-ge-ci-gen-biao-ge-zheng-li-ban | https://mp.weixin.qq.com/s/pFi683ZoT_WJXO_t770vSQ | https://developer.cloud.tencent.com/article/2629255,Gefei 51 tool roots (original + public mirror) | 122-root expansion list,https://www.wangmingchang.com/51-ge-ci-gen-biao-ge-zheng-li-ban | https://mp.weixin.qq.com/s/pFi683ZoT_WJXO_t770vSQ | https://developer.cloud.tencent.com/article/2629255,2026-08-22,,"Verified here means accepted as a root asset, not that every root×domain combination is an SEO opportunity. | Published-list inclusion establishes provenance only; downstream demand remains unvalidated."
root-creator,creator,x creator,,universal,functional_suffix,create,tool,all,logo creator; avatar creator,active,L1,Exact member of Gefei 51 published tool-root list | Exact member of published 122-root expansion list,https://www.wangmingchang.com/51-ge-ci-gen-biao-ge-zheng-li-ban | https://mp.weixin.qq.com/s/pFi683ZoT_WJXO_t770vSQ | https://developer.cloud.tencent.com/article/2629255,Gefei 51 tool roots (original + public mirror) | 122-root expansion list,https://www.wangmingchang.com/51-ge-ci-gen-biao-ge-zheng-li-ban | https://mp.weixin.qq.com/s/pFi683ZoT_WJXO_t770vSQ | https://developer.cloud.tencent.com/article/2629255,2026-08-22,,"Verified here means accepted as a root asset, not that every root×domain combination is an SEO opportunity. | Published-list inclusion establishes provenance only; downstream demand remains unvalidated."
root-generator,generator,x generator,generate,universal,functional_suffix,create,tool,all,password generator; name generator,active,L1,Exact member of Gefei 51 published tool-root list | Exact member of published 122-root expansion list,https://www.wangmingchang.com/51-ge-ci-gen-biao-ge-zheng-li-ban | https://mp.weixin.qq.com/s/pFi683ZoT_WJXO_t770vSQ | https://developer.cloud.tencent.com/article/2629255,Gefei 51 tool roots (original + public mirror) | 122-root expansion list,https://www.wangmingchang.com/51-ge-ci-gen-biao-ge-zheng-li-ban | https://mp.weixin.qq.com/s/pFi683ZoT_WJXO_t770vSQ | https://developer.cloud.tencent.com/article/2629255,2026-08-22,,"Verified here means accepted as a root asset, not that every root×domain combination is an SEO opportunity. | Published-list inclusion establishes provenance only; downstream demand remains unvalidated."
root-maker,maker,x maker,,universal,functional_suffix,create,tool,all,logo maker; meme maker,active,L1,Exact member of Gefei 51 published tool-root list | Exact member of published 122-root expansion list,https://www.wangmingchang.com/51-ge-ci-gen-biao-ge-zheng-li-ban | https://mp.weixin.qq.com/s/pFi683ZoT_WJXO_t770vSQ | https://developer.cloud.tencent.com/article/2629255,Gefei 51 tool roots (original + public mirror) | 122-root expansion list,https://www.wangmingchang.com/51-ge-ci-gen-biao-ge-zheng-li-ban | https://mp.weixin.qq.com/s/pFi683ZoT_WJXO_t770vSQ | https://developer.cloud.tencent.com/article/2629255,2026-08-22,,"Verified here means accepted as a root asset, not that every root×domain combination is an SEO opportunity. | Published-list inclusion establishes provenance only; downstream demand remains unvalidated."
root-cataloger,cataloger,x cataloger,,universal,functional_suffix,discover,tool,all,book cataloger; media cataloger,active,L1,Exact member of Gefei 51 published tool-root list | Exact member of published 122-root expansion list,https://www.wangmingchang.com/51-ge-ci-gen-biao-ge-zheng-li-ban | https://mp.weixin.qq.com/s/pFi683ZoT_WJXO_t770vSQ | https://developer.cloud.tencent.com/article/2629255,Gefei 51 tool roots (original + public mirror) | 122-root expansion list,https://www.wangmingchang.com/51-ge-ci-gen-biao-ge-zheng-li-ban | https://mp.weixin.qq.com/s/pFi683ZoT_WJXO_t770vSQ | https://developer.cloud.tencent.com/article/2629255,2026-08-22,,"Verified here means accepted as a root asset, not that every root×domain combination is an SEO opportunity. | Published-list inclusion establishes provenance only; downstream demand remains unvalidated."
root-directory,directory,x directory,,universal,functional_suffix,discover,tool,all,startup directory; therapist directory,active,L1,Exact member of published 122-root expansion list | Included in 122 expansion list,https://developer.cloud.tencent.com/article/2629255,122-root expansion list | Root Library v1 curation,https://developer.cloud.tencent.com/article/2629255,2026-08-22,,Published-list inclusion establishes provenance only; downstream demand remains unvalidated.
root-explorer,explorer,x explorer,,universal,functional_suffix,discover,tool,all,file explorer; blockchain explorer,active,L1,Exact member of Gefei 51 published tool-root list | Exact member of published 122-root expansion list,https://www.wangmingchang.com/51-ge-ci-gen-biao-ge-zheng-li-ban | https://mp.weixin.qq.com/s/pFi683ZoT_WJXO_t770vSQ | https://developer.cloud.tencent.com/article/2629255,Gefei 51 tool roots (original + public mirror) | 122-root expansion list,https://www.wangmingchang.com/51-ge-ci-gen-biao-ge-zheng-li-ban | https://mp.weixin.qq.com/s/pFi683ZoT_WJXO_t770vSQ | https://developer.cloud.tencent.com/article/2629255,2026-08-22,,"Verified here means accepted as a root asset, not that every root×domain combination is an SEO opportunity. | Published-list inclusion establishes provenance only; downstream demand remains unvalidated."
root-extractor,extractor,x extractor,extract,universal,functional_suffix,discover,tool,all,text extractor; data extractor,active,L1,Exact member of Gefei 51 published tool-root list | Exact member of published 122-root expansion list,https://www.wangmingchang.com/51-ge-ci-gen-biao-ge-zheng-li-ban | https://mp.weixin.qq.com/s/pFi683ZoT_WJXO_t770vSQ | https://developer.cloud.tencent.com/article/2629255,Gefei 51 tool roots (original + public mirror) | 122-root expansion list,https://www.wangmingchang.com/51-ge-ci-gen-biao-ge-zheng-li-ban | https://mp.weixin.qq.com/s/pFi683ZoT_WJXO_t770vSQ | https://developer.cloud.tencent.com/article/2629255,2026-08-22,,"Verified here means accepted as a root asset, not that every root×domain combination is an SEO opportunity. | Published-list inclusion establishes provenance only; downstream demand remains unvalidated."
root-navigator,navigator,x navigator,,universal,functional_suffix,discover,tool,all,route navigator; documentation navigator,active,L1,Exact member of Gefei 51 published tool-root list | Exact member of published 122-root expansion list,https://www.wangmingchang.com/51-ge-ci-gen-biao-ge-zheng-li-ban | https://mp.weixin.qq.com/s/pFi683ZoT_WJXO_t770vSQ | https://developer.cloud.tencent.com/article/2629255,Gefei 51 tool roots (original + public mirror) | 122-root expansion list,https://www.wangmingchang.com/51-ge-ci-gen-biao-ge-zheng-li-ban | https://mp.weixin.qq.com/s/pFi683ZoT_WJXO_t770vSQ | https://developer.cloud.tencent.com/article/2629255,2026-08-22,,"Verified here means accepted as a root asset, not that every root×domain combination is an SEO opportunity. | Published-list inclusion establishes provenance only; downstream demand remains unvalidated."
root-scraper,scraper,x scraper,,universal,functional_suffix,discover,tool,all,web scraper; price scraper,active,L1,Exact member of Gefei 51 published tool-root list | Exact member of published 122-root expansion list,https://www.wangmingchang.com/51-ge-ci-gen-biao-ge-zheng-li-ban | https://mp.weixin.qq.com/s/pFi683ZoT_WJXO_t770vSQ | https://developer.cloud.tencent.com/article/2629255,Gefei 51 tool roots (original + public mirror) | 122-root expansion list,https://www.wangmingchang.com/51-ge-ci-gen-biao-ge-zheng-li-ban | https://mp.weixin.qq.com/s/pFi683ZoT_WJXO_t770vSQ | https://developer.cloud.tencent.com/article/2629255,2026-08-22,,"Verified here means accepted as a root asset, not that every root×domain combination is an SEO opportunity. | Published-list inclusion establishes provenance only; downstream demand remains unvalidated."
root-test,test,x test,,universal,interactive_pattern,evaluate,tool,education;relationships;diagnostics,personality test; typing test,verified,L2,Observed recurring demand family in Semrush US batch (63 matching unique keywords).,references/semrush-interest-scan-2026-08-22.md#test,Semrush US interest-domain scan 2026-08-22,,2026-08-22,2026-08-22,
root-how-to,how to,x how to,,universal,question_pattern,learn,informational,all,how to calculate mortgage; how to meditate,active,L1,Exact member of published 122-root expansion list | Included in 122 expansion list,https://developer.cloud.tencent.com/article/2629255,122-root expansion list | Root Library v1 curation,https://developer.cloud.tencent.com/article/2629255,2026-08-22,,Published-list inclusion establishes provenance only; downstream demand remains unvalidated.
root-assistant,assistant,x assistant,,universal,functional_suffix,manage,tool,all,writing assistant; meeting assistant,active,L1,Exact member of Gefei 51 published tool-root list | Exact member of published 122-root expansion list,https://www.wangmingchang.com/51-ge-ci-gen-biao-ge-zheng-li-ban | https://mp.weixin.qq.com/s/pFi683ZoT_WJXO_t770vSQ | https://developer.cloud.tencent.com/article/2629255,Gefei 51 tool roots (original + public mirror) | 122-root expansion list,https://www.wangmingchang.com/51-ge-ci-gen-biao-ge-zheng-li-ban | https://mp.weixin.qq.com/s/pFi683ZoT_WJXO_t770vSQ | https://developer.cloud.tencent.com/article/2629255,2026-08-22,,"Verified here means accepted as a root asset, not that every root×domain combination is an SEO opportunity. | Published-list inclusion establishes provenance only; downstream demand remains unvalidated."
root-dashboard,dashboard,x dashboard,,universal,functional_suffix,manage,tool,all,analytics dashboard; budget dashboard,active,L1,Exact member of Gefei 51 published tool-root list | Exact member of published 122-root expansion list,https://www.wangmingchang.com/51-ge-ci-gen-biao-ge-zheng-li-ban | https://mp.weixin.qq.com/s/pFi683ZoT_WJXO_t770vSQ | https://developer.cloud.tencent.com/article/2629255,Gefei 51 tool roots (original + public mirror) | 122-root expansion list,https://www.wangmingchang.com/51-ge-ci-gen-biao-ge-zheng-li-ban | https://mp.weixin.qq.com/s/pFi683ZoT_WJXO_t770vSQ | https://developer.cloud.tencent.com/article/2629255,2026-08-22,,"Verified here means accepted as a root asset, not that every root×domain combination is an SEO opportunity. | Published-list inclusion establishes provenance only; downstream demand remains unvalidated."
root-manager,manager,x manager,,universal,functional_suffix,manage,tool,all,password manager; task manager,active,L1,Exact member of Gefei 51 published tool-root list | Exact member of published 122-root expansion list,https://www.wangmingchang.com/51-ge-ci-gen-biao-ge-zheng-li-ban | https://mp.weixin.qq.com/s/pFi683ZoT_WJXO_t770vSQ | https://developer.cloud.tencent.com/article/2629255,Gefei 51 tool roots (original + public mirror) | 122-root expansion list,https://www.wangmingchang.com/51-ge-ci-gen-biao-ge-zheng-li-ban | https://mp.weixin.qq.com/s/pFi683ZoT_WJXO_t770vSQ | https://developer.cloud.tencent.com/article/2629255,2026-08-22,,"Verified here means accepted as a root asset, not that every root×domain combination is an SEO opportunity. | Published-list inclusion establishes provenance only; downstream demand remains unvalidated."
root-monitor,monitor,x monitor,,universal,functional_suffix,manage,tool,all,uptime monitor; price monitor,active,L1,Exact member of Gefei 51 published tool-root list | Exact member of published 122-root expansion list,https://www.wangmingchang.com/51-ge-ci-gen-biao-ge-zheng-li-ban | https://mp.weixin.qq.com/s/pFi683ZoT_WJXO_t770vSQ | https://developer.cloud.tencent.com/article/2629255,Gefei 51 tool roots (original + public mirror) | 122-root expansion list,https://www.wangmingchang.com/51-ge-ci-gen-biao-ge-zheng-li-ban | https://mp.weixin.qq.com/s/pFi683ZoT_WJXO_t770vSQ | https://developer.cloud.tencent.com/article/2629255,2026-08-22,,"Verified here means accepted as a root asset, not that every root×domain combination is an SEO opportunity. | Published-list inclusion establishes provenance only; downstream demand remains unvalidated."
root-notifier,notifier,x notifier,,universal,functional_suffix,manage,tool,all,price notifier; email notifier,active,L1,Exact member of Gefei 51 published tool-root list | Exact member of published 122-root expansion list,https://www.wangmingchang.com/51-ge-ci-gen-biao-ge-zheng-li-ban | https://mp.weixin.qq.com/s/pFi683ZoT_WJXO_t770vSQ | https://developer.cloud.tencent.com/article/2629255,Gefei 51 tool roots (original + public mirror) | 122-root expansion list,https://www.wangmingchang.com/51-ge-ci-gen-biao-ge-zheng-li-ban | https://mp.weixin.qq.com/s/pFi683ZoT_WJXO_t770vSQ | https://developer.cloud.tencent.com/article/2629255,2026-08-22,,"Verified here means accepted as a root asset, not that every root×domain combination is an SEO opportunity. | Published-list inclusion establishes provenance only; downstream demand remains unvalidated."
root-planner,planner,x planner,plan,universal,functional_suffix,manage,tool,all,trip planner; meal planner,active,L1,Exact member of Gefei 51 published tool-root list | Exact member of published 122-root expansion list,https://www.wangmingchang.com/51-ge-ci-gen-biao-ge-zheng-li-ban | https://mp.weixin.qq.com/s/pFi683ZoT_WJXO_t770vSQ | https://developer.cloud.tencent.com/article/2629255,Gefei 51 tool roots (original + public mirror) | 122-root expansion list,https://www.wangmingchang.com/51-ge-ci-gen-biao-ge-zheng-li-ban | https://mp.weixin.qq.com/s/pFi683ZoT_WJXO_t770vSQ | https://developer.cloud.tencent.com/article/2629255,2026-08-22,,"Verified here means accepted as a root asset, not that every root×domain combination is an SEO opportunity. | Published-list inclusion establishes provenance only; downstream demand remains unvalidated."
root-recorder,recorder,x recorder,,universal,functional_suffix,manage,tool,all,screen recorder; voice recorder,active,L1,Exact member of Gefei 51 published tool-root list | Exact member of published 122-root expansion list,https://www.wangmingchang.com/51-ge-ci-gen-biao-ge-zheng-li-ban | https://mp.weixin.qq.com/s/pFi683ZoT_WJXO_t770vSQ | https://developer.cloud.tencent.com/article/2629255,Gefei 51 tool roots (original + public mirror) | 122-root expansion list,https://www.wangmingchang.com/51-ge-ci-gen-biao-ge-zheng-li-ban | https://mp.weixin.qq.com/s/pFi683ZoT_WJXO_t770vSQ | https://developer.cloud.tencent.com/article/2629255,2026-08-22,,"Verified here means accepted as a root asset, not that every root×domain combination is an SEO opportunity. | Published-list inclusion establishes provenance only; downstream demand remains unvalidated."
root-scheduler,scheduler,x scheduler,schedule,universal,functional_suffix,manage,tool,all,meeting scheduler; post scheduler,active,L1,Exact member of Gefei 51 published tool-root list | Exact member of published 122-root expansion list,https://www.wangmingchang.com/51-ge-ci-gen-biao-ge-zheng-li-ban | https://mp.weixin.qq.com/s/pFi683ZoT_WJXO_t770vSQ | https://developer.cloud.tencent.com/article/2629255,Gefei 51 tool roots (original + public mirror) | 122-root expansion list,https://www.wangmingchang.com/51-ge-ci-gen-biao-ge-zheng-li-ban | https://mp.weixin.qq.com/s/pFi683ZoT_WJXO_t770vSQ | https://developer.cloud.tencent.com/article/2629255,2026-08-22,,"Verified here means accepted as a root asset, not that every root×domain combination is an SEO opportunity. | Published-list inclusion establishes provenance only; downstream demand remains unvalidated."
root-tracker,tracker,x tracker,track,universal,functional_suffix,manage,tool,all,package tracker; habit tracker,active,L1,Exact member of Gefei 51 published tool-root list,https://www.wangmingchang.com/51-ge-ci-gen-biao-ge-zheng-li-ban | https://mp.weixin.qq.com/s/pFi683ZoT_WJXO_t770vSQ,Gefei 51 tool roots (original + public mirror),https://www.wangmingchang.com/51-ge-ci-gen-biao-ge-zheng-li-ban | https://mp.weixin.qq.com/s/pFi683ZoT_WJXO_t770vSQ,2026-08-22,,"Verified here means accepted as a root asset, not that every root×domain combination is an SEO opportunity. | Published-list inclusion establishes provenance only; downstream demand remains unvalidated."
root-designer,designer,x designer,,universal,candidate_pattern,other,mixed,all,logo designer; room designer,active,L1,Exact member of Gefei 51 published tool-root list | Exact member of published 122-root expansion list,https://www.wangmingchang.com/51-ge-ci-gen-biao-ge-zheng-li-ban | https://mp.weixin.qq.com/s/pFi683ZoT_WJXO_t770vSQ | https://developer.cloud.tencent.com/article/2629255,Gefei 51 tool roots (original + public mirror) | 122-root expansion list,https://www.wangmingchang.com/51-ge-ci-gen-biao-ge-zheng-li-ban | https://mp.weixin.qq.com/s/pFi683ZoT_WJXO_t770vSQ | https://developer.cloud.tencent.com/article/2629255,2026-08-22,,"Verified here means accepted as a root asset, not that every root×domain combination is an SEO opportunity. | Published-list inclusion establishes provenance only; downstream demand remains unvalidated."
root-translator,translator,x translator,,universal,candidate_pattern,other,mixed,all,language translator; document translator,active,L1,Exact member of Gefei 51 published tool-root list,https://www.wangmingchang.com/51-ge-ci-gen-biao-ge-zheng-li-ban | https://mp.weixin.qq.com/s/pFi683ZoT_WJXO_t770vSQ,Gefei 51 tool roots (original + public mirror),https://www.wangmingchang.com/51-ge-ci-gen-biao-ge-zheng-li-ban | https://mp.weixin.qq.com/s/pFi683ZoT_WJXO_t770vSQ,2026-08-22,,"Verified here means accepted as a root asset, not that every root×domain combination is an SEO opportunity. | Published-list inclusion establishes provenance only; downstream demand remains unvalidated."
root-viewer,viewer,x viewer,view,universal,candidate_pattern,other,mixed,all,pdf viewer; image viewer,active,L1,Exact member of Gefei 51 published tool-root list,https://www.wangmingchang.com/51-ge-ci-gen-biao-ge-zheng-li-ban | https://mp.weixin.qq.com/s/pFi683ZoT_WJXO_t770vSQ,Gefei 51 tool roots (original + public mirror),https://www.wangmingchang.com/51-ge-ci-gen-biao-ge-zheng-li-ban | https://mp.weixin.qq.com/s/pFi683ZoT_WJXO_t770vSQ,2026-08-22,,"Verified here means accepted as a root asset, not that every root×domain combination is an SEO opportunity. | Published-list inclusion establishes provenance only; downstream demand remains unvalidated."
root-itinerary,itinerary,x itinerary,,universal,planning_pattern,plan,mixed,travel,japan itinerary; 5 day itinerary,verified,L2,Observed recurring demand family in Semrush US batch (56 matching unique keywords).,references/semrush-interest-scan-2026-08-22.md#itinerary,Semrush US interest-domain scan 2026-08-22,,2026-08-22,2026-08-22,
root-packing-list,packing list,x packing list,,universal,planning_pattern,plan,resource,travel,cruise packing list; japan packing list,verified,L2,Observed recurring demand family in Semrush US batch (28 matching unique keywords).,references/semrush-interest-scan-2026-08-22.md#packing-list,Semrush US interest-domain scan 2026-08-22,,2026-08-22,2026-08-22,
root-questions-for-couples,questions for couples,questions for couples,,universal,relationship_pattern,relationship,interactive,relationships,questions for couples; deep questions for couples,verified,L2,Observed recurring demand family in Semrush US batch (12 matching unique keywords).,references/semrush-interest-scan-2026-08-22.md#questions-for-couples,Semrush US interest-domain scan 2026-08-22,,2026-08-22,2026-08-22,
root-cheat-sheet,cheat sheet,x cheat sheet,,universal,resource_format,resource,resource,education;developer;professional,python cheat sheet; excel cheat sheet,candidate,L0,"Internal root hypothesis; requires published-source, keyword-tool, SERP, site-keyword, or monetization evidence before promotion.",,Root Library internal hypothesis,,2026-08-22,,Published-list inclusion establishes provenance only; downstream demand remains unvalidated.
root-example,example,x example,,universal,resource_pattern,resource,informational,all,resume example; code example,active,L1,Exact member of Gefei 51 published tool-root list | Exact member of published 122-root expansion list,https://www.wangmingchang.com/51-ge-ci-gen-biao-ge-zheng-li-ban | https://mp.weixin.qq.com/s/pFi683ZoT_WJXO_t770vSQ | https://developer.cloud.tencent.com/article/2629255,Gefei 51 tool roots (original + public mirror) | 122-root expansion list,https://www.wangmingchang.com/51-ge-ci-gen-biao-ge-zheng-li-ban | https://mp.weixin.qq.com/s/pFi683ZoT_WJXO_t770vSQ | https://developer.cloud.tencent.com/article/2629255,2026-08-22,,"Verified here means accepted as a root asset, not that every root×domain combination is an SEO opportunity. | Published-list inclusion establishes provenance only; downstream demand remains unvalidated."
root-guide,guide,x guide,,universal,resource_pattern,resource,informational,all,sourdough guide; japan travel guide,active,L1,Exact member of published 122-root expansion list | Included in 122 expansion list,https://developer.cloud.tencent.com/article/2629255,122-root expansion list | Root Library v1 curation,https://developer.cloud.tencent.com/article/2629255,2026-08-22,,Published-list inclusion establishes provenance only; downstream demand remains unvalidated.
root-pattern,pattern,x pattern,,universal,resource_pattern,resource,informational,all,regex pattern; knitting pattern,active,L1,Exact member of Gefei 51 published tool-root list | Exact member of published 122-root expansion list,https://www.wangmingchang.com/51-ge-ci-gen-biao-ge-zheng-li-ban | https://mp.weixin.qq.com/s/pFi683ZoT_WJXO_t770vSQ | https://developer.cloud.tencent.com/article/2629255,Gefei 51 tool roots (original + public mirror) | 122-root expansion list,https://www.wangmingchang.com/51-ge-ci-gen-biao-ge-zheng-li-ban | https://mp.weixin.qq.com/s/pFi683ZoT_WJXO_t770vSQ | https://developer.cloud.tencent.com/article/2629255,2026-08-22,,"Verified here means accepted as a root asset, not that every root×domain combination is an SEO opportunity. | Published-list inclusion establishes provenance only; downstream demand remains unvalidated."
root-review,review,x review,,universal,resource_pattern,resource,informational,all,semrush review; perfume review,active,L1,Exact member of published 122-root expansion list | Included in 122 expansion list,https://developer.cloud.tencent.com/article/2629255,122-root expansion list | Root Library v1 curation,https://developer.cloud.tencent.com/article/2629255,2026-08-22,,Published-list inclusion establishes provenance only; downstream demand remains unvalidated.
root-sample,sample,x sample,,universal,resource_pattern,resource,informational,all,resume sample; writing sample,active,L1,Exact member of Gefei 51 published tool-root list | Exact member of published 122-root expansion list,https://www.wangmingchang.com/51-ge-ci-gen-biao-ge-zheng-li-ban | https://mp.weixin.qq.com/s/pFi683ZoT_WJXO_t770vSQ | https://developer.cloud.tencent.com/article/2629255,Gefei 51 tool roots (original + public mirror) | 122-root expansion list,https://www.wangmingchang.com/51-ge-ci-gen-biao-ge-zheng-li-ban | https://mp.weixin.qq.com/s/pFi683ZoT_WJXO_t770vSQ | https://developer.cloud.tencent.com/article/2629255,2026-08-22,,"Verified here means accepted as a root asset, not that every root×domain combination is an SEO opportunity. | Published-list inclusion establishes provenance only; downstream demand remains unvalidated."
root-scheme,scheme,x scheme,,universal,resource_pattern,resource,informational,all,color scheme; pension scheme,active,L1,Exact member of Gefei 51 published tool-root list,https://www.wangmingchang.com/51-ge-ci-gen-biao-ge-zheng-li-ban | https://mp.weixin.qq.com/s/pFi683ZoT_WJXO_t770vSQ,Gefei 51 tool roots (original + public mirror),https://www.wangmingchang.com/51-ge-ci-gen-biao-ge-zheng-li-ban | https://mp.weixin.qq.com/s/pFi683ZoT_WJXO_t770vSQ,2026-08-22,,"Verified here means accepted as a root asset, not that every root×domain combination is an SEO opportunity. | Published-list inclusion establishes provenance only; downstream demand remains unvalidated."
root-template,template,x template,,universal,resource_pattern,resource,informational,all,invoice template; itinerary template,active,L1,Exact member of Gefei 51 published tool-root list | Exact member of published 122-root expansion list,https://www.wangmingchang.com/51-ge-ci-gen-biao-ge-zheng-li-ban | https://mp.weixin.qq.com/s/pFi683ZoT_WJXO_t770vSQ | https://developer.cloud.tencent.com/article/2629255,Gefei 51 tool roots (original + public mirror) | 122-root expansion list,https://www.wangmingchang.com/51-ge-ci-gen-biao-ge-zheng-li-ban | https://mp.weixin.qq.com/s/pFi683ZoT_WJXO_t770vSQ | https://developer.cloud.tencent.com/article/2629255,2026-08-22,,"Verified here means accepted as a root asset, not that every root×domain combination is an SEO opportunity. | Published-list inclusion establishes provenance only; downstream demand remains unvalidated."
root-simulator,simulator,x simulator,,universal,functional_suffix,simulate,tool,all,loan simulator; flight simulator,active,L1,Exact member of Gefei 51 published tool-root list | Exact member of published 122-root expansion list,https://www.wangmingchang.com/51-ge-ci-gen-biao-ge-zheng-li-ban | https://mp.weixin.qq.com/s/pFi683ZoT_WJXO_t770vSQ | https://developer.cloud.tencent.com/article/2629255,Gefei 51 tool roots (original + public mirror) | 122-root expansion list,https://www.wangmingchang.com/51-ge-ci-gen-biao-ge-zheng-li-ban | https://mp.weixin.qq.com/s/pFi683ZoT_WJXO_t770vSQ | https://developer.cloud.tencent.com/article/2629255,2026-08-22,,"Verified here means accepted as a root asset, not that every root×domain combination is an SEO opportunity. | Published-list inclusion establishes provenance only; downstream demand remains unvalidated."
root-best-time-to-visit,best time to visit,best time to visit x,,universal,decision_pattern,time,informational,travel,best time to visit japan; best time to visit hawaii,verified,L2,Observed recurring demand family in Semrush US batch (27 matching unique keywords).,references/semrush-interest-scan-2026-08-22.md#best-time-to-visit,Semrush US interest-domain scan 2026-08-22,,2026-08-22,2026-08-22,
root-connector,connector,x connector,,universal,functional_suffix,transfer,tool,all,data connector; api connector,active,L1,Exact member of Gefei 51 published tool-root list | Exact member of published 122-root expansion list,https://www.wangmingchang.com/51-ge-ci-gen-biao-ge-zheng-li-ban | https://mp.weixin.qq.com/s/pFi683ZoT_WJXO_t770vSQ | https://developer.cloud.tencent.com/article/2629255,Gefei 51 tool roots (original + public mirror) | 122-root expansion list,https://www.wangmingchang.com/51-ge-ci-gen-biao-ge-zheng-li-ban | https://mp.weixin.qq.com/s/pFi683ZoT_WJXO_t770vSQ | https://developer.cloud.tencent.com/article/2629255,2026-08-22,,"Verified here means accepted as a root asset, not that every root×domain combination is an SEO opportunity. | Published-list inclusion establishes provenance only; downstream demand remains unvalidated."
root-downloader,downloader,x downloader,,universal,functional_suffix,transfer,tool,all,video downloader; image downloader,active,L1,Exact member of Gefei 51 published tool-root list | Exact member of published 122-root expansion list,https://www.wangmingchang.com/51-ge-ci-gen-biao-ge-zheng-li-ban | https://mp.weixin.qq.com/s/pFi683ZoT_WJXO_t770vSQ | https://developer.cloud.tencent.com/article/2629255,Gefei 51 tool roots (original + public mirror) | 122-root expansion list,https://www.wangmingchang.com/51-ge-ci-gen-biao-ge-zheng-li-ban | https://mp.weixin.qq.com/s/pFi683ZoT_WJXO_t770vSQ | https://developer.cloud.tencent.com/article/2629255,2026-08-22,,"Verified here means accepted as a root asset, not that every root×domain combination is an SEO opportunity. | Published-list inclusion establishes provenance only; downstream demand remains unvalidated."
root-receiver,receiver,x receiver,,universal,functional_suffix,transfer,tool,all,bluetooth receiver; message receiver,active,L1,Exact member of Gefei 51 published tool-root list | Exact member of published 122-root expansion list,https://www.wangmingchang.com/51-ge-ci-gen-biao-ge-zheng-li-ban | https://mp.weixin.qq.com/s/pFi683ZoT_WJXO_t770vSQ | https://developer.cloud.tencent.com/article/2629255,Gefei 51 tool roots (original + public mirror) | 122-root expansion list,https://www.wangmingchang.com/51-ge-ci-gen-biao-ge-zheng-li-ban | https://mp.weixin.qq.com/s/pFi683ZoT_WJXO_t770vSQ | https://developer.cloud.tencent.com/article/2629255,2026-08-22,,"Verified here means accepted as a root asset, not that every root×domain combination is an SEO opportunity. | Published-list inclusion establishes provenance only; downstream demand remains unvalidated."
root-responder,responder,x responder,,universal,functional_suffix,transfer,tool,all,email responder; auto responder,active,L1,Exact member of Gefei 51 published tool-root list | Exact member of published 122-root expansion list,https://www.wangmingchang.com/51-ge-ci-gen-biao-ge-zheng-li-ban | https://mp.weixin.qq.com/s/pFi683ZoT_WJXO_t770vSQ | https://developer.cloud.tencent.com/article/2629255,Gefei 51 tool roots (original + public mirror) | 122-root expansion list,https://www.wangmingchang.com/51-ge-ci-gen-biao-ge-zheng-li-ban | https://mp.weixin.qq.com/s/pFi683ZoT_WJXO_t770vSQ | https://developer.cloud.tencent.com/article/2629255,2026-08-22,,"Verified here means accepted as a root asset, not that every root×domain combination is an SEO opportunity. | Published-list inclusion establishes provenance only; downstream demand remains unvalidated."
root-sender,sender,x sender,,universal,functional_suffix,transfer,tool,all,email sender; sms sender,active,L1,Exact member of Gefei 51 published tool-root list | Exact member of published 122-root expansion list,https://www.wangmingchang.com/51-ge-ci-gen-biao-ge-zheng-li-ban | https://mp.weixin.qq.com/s/pFi683ZoT_WJXO_t770vSQ | https://developer.cloud.tencent.com/article/2629255,Gefei 51 tool roots (original + public mirror) | 122-root expansion list,https://www.wangmingchang.com/51-ge-ci-gen-biao-ge-zheng-li-ban | https://mp.weixin.qq.com/s/pFi683ZoT_WJXO_t770vSQ | https://developer.cloud.tencent.com/article/2629255,2026-08-22,,"Verified here means accepted as a root asset, not that every root×domain combination is an SEO opportunity. | Published-list inclusion establishes provenance only; downstream demand remains unvalidated."
root-syncer,syncer,x syncer,,universal,functional_suffix,transfer,tool,all,file syncer; calendar syncer,active,L1,Exact member of Gefei 51 published tool-root list | Exact member of published 122-root expansion list,https://www.wangmingchang.com/51-ge-ci-gen-biao-ge-zheng-li-ban | https://mp.weixin.qq.com/s/pFi683ZoT_WJXO_t770vSQ | https://developer.cloud.tencent.com/article/2629255,Gefei 51 tool roots (original + public mirror) | 122-root expansion list,https://www.wangmingchang.com/51-ge-ci-gen-biao-ge-zheng-li-ban | https://mp.weixin.qq.com/s/pFi683ZoT_WJXO_t770vSQ | https://developer.cloud.tencent.com/article/2629255,2026-08-22,,"Verified here means accepted as a root asset, not that every root×domain combination is an SEO opportunity. | Published-list inclusion establishes provenance only; downstream demand remains unvalidated."
root-uploader,uploader,x uploader,,universal,functional_suffix,transfer,tool,all,image uploader; file uploader,active,L1,Exact member of Gefei 51 published tool-root list,https://www.wangmingchang.com/51-ge-ci-gen-biao-ge-zheng-li-ban | https://mp.weixin.qq.com/s/pFi683ZoT_WJXO_t770vSQ,Gefei 51 tool roots (original + public mirror),https://www.wangmingchang.com/51-ge-ci-gen-biao-ge-zheng-li-ban | https://mp.weixin.qq.com/s/pFi683ZoT_WJXO_t770vSQ,2026-08-22,,"Verified here means accepted as a root asset, not that every root×domain combination is an SEO opportunity. | Published-list inclusion establishes provenance only; downstream demand remains unvalidated."
root-convert,convert,x convert,,universal,functional_suffix,transform,tool,all,pdf to word convert; currency convert,active,L1,Exact member of Gefei 51 published tool-root list | Exact member of published 122-root expansion list,https://www.wangmingchang.com/51-ge-ci-gen-biao-ge-zheng-li-ban | https://mp.weixin.qq.com/s/pFi683ZoT_WJXO_t770vSQ | https://developer.cloud.tencent.com/article/2629255,Gefei 51 tool roots (original + public mirror) | 122-root expansion list,https://www.wangmingchang.com/51-ge-ci-gen-biao-ge-zheng-li-ban | https://mp.weixin.qq.com/s/pFi683ZoT_WJXO_t770vSQ | https://developer.cloud.tencent.com/article/2629255,2026-08-22,,"Verified here means accepted as a root asset, not that every root×domain combination is an SEO opportunity. | Published-list inclusion establishes provenance only; downstream demand remains unvalidated."
root-converter,converter,x converter,conversion,universal,functional_suffix,transform,tool,all,currency converter; unit converter,active,L1,Exact member of Gefei 51 published tool-root list | Exact member of published 122-root expansion list,https://www.wangmingchang.com/51-ge-ci-gen-biao-ge-zheng-li-ban | https://mp.weixin.qq.com/s/pFi683ZoT_WJXO_t770vSQ | https://developer.cloud.tencent.com/article/2629255,Gefei 51 tool roots (original + public mirror) | 122-root expansion list,https://www.wangmingchang.com/51-ge-ci-gen-biao-ge-zheng-li-ban | https://mp.weixin.qq.com/s/pFi683ZoT_WJXO_t770vSQ | https://developer.cloud.tencent.com/article/2629255,2026-08-22,,"Verified here means accepted as a root asset, not that every root×domain combination is an SEO opportunity. | Published-list inclusion establishes provenance only; downstream demand remains unvalidated."
root-editor,editor,x editor,,universal,functional_suffix,transform,tool,all,photo editor; text editor,active,L1,Exact member of Gefei 51 published tool-root list | Exact member of published 122-root expansion list,https://www.wangmingchang.com/51-ge-ci-gen-biao-ge-zheng-li-ban | https://mp.weixin.qq.com/s/pFi683ZoT_WJXO_t770vSQ | https://developer.cloud.tencent.com/article/2629255,Gefei 51 tool roots (original + public mirror) | 122-root expansion list,https://www.wangmingchang.com/51-ge-ci-gen-biao-ge-zheng-li-ban | https://mp.weixin.qq.com/s/pFi683ZoT_WJXO_t770vSQ | https://developer.cloud.tencent.com/article/2629255,2026-08-22,,"Verified here means accepted as a root asset, not that every root×domain combination is an SEO opportunity. | Published-list inclusion establishes provenance only; downstream demand remains unvalidated."
root-format,format,x format,,universal,functional_suffix,transform,tool,all,date format; citation format,active,L1,Exact member of Gefei 51 published tool-root list | Exact member of published 122-root expansion list,https://www.wangmingchang.com/51-ge-ci-gen-biao-ge-zheng-li-ban | https://mp.weixin.qq.com/s/pFi683ZoT_WJXO_t770vSQ | https://developer.cloud.tencent.com/article/2629255,Gefei 51 tool roots (original + public mirror) | 122-root expansion list,https://www.wangmingchang.com/51-ge-ci-gen-biao-ge-zheng-li-ban | https://mp.weixin.qq.com/s/pFi683ZoT_WJXO_t770vSQ | https://developer.cloud.tencent.com/article/2629255,2026-08-22,,"Verified here means accepted as a root asset, not that every root×domain combination is an SEO opportunity. | Published-list inclusion establishes provenance only; downstream demand remains unvalidated."
root-processor,processor,x processor,,universal,functional_suffix,transform,tool,all,image processor; text processor,active,L1,Exact member of Gefei 51 published tool-root list | Exact member of published 122-root expansion list,https://www.wangmingchang.com/51-ge-ci-gen-biao-ge-zheng-li-ban | https://mp.weixin.qq.com/s/pFi683ZoT_WJXO_t770vSQ | https://developer.cloud.tencent.com/article/2629255,Gefei 51 tool roots (original + public mirror) | 122-root expansion list,https://www.wangmingchang.com/51-ge-ci-gen-biao-ge-zheng-li-ban | https://mp.weixin.qq.com/s/pFi683ZoT_WJXO_t770vSQ | https://developer.cloud.tencent.com/article/2629255,2026-08-22,,"Verified here means accepted as a root asset, not that every root×domain combination is an SEO opportunity. | Published-list inclusion establishes provenance only; downstream demand remains unvalidated."
root-interpretation,interpretation,x interpretation,,universal,informational_pattern,understand,informational,culture;dreams;data;law,dream interpretation; data interpretation,verified,L2,Observed recurring demand family in Semrush US batch (26 matching unique keywords).,references/semrush-interest-scan-2026-08-22.md#interpretation,Semrush US interest-domain scan 2026-08-22,,2026-08-22,2026-08-22,
root-meaning,meaning,x meaning,,universal,informational_pattern,understand,informational,all,dream meaning; name meaning; spiritual meaning,verified,L2,Observed recurring demand family in Semrush US batch (147 matching unique keywords).,references/semrush-interest-scan-2026-08-22.md#meaning,Semrush US interest-domain scan 2026-08-22,,2026-08-22,2026-08-22,
root-name-meaning,name meaning,x name meaning,,universal,identity_pattern,understand,informational,names;genealogy,olivia name meaning; name meaning,verified,L2,Observed recurring demand family in Semrush US batch (20 matching unique keywords).,references/semrush-interest-scan-2026-08-22.md#name-meaning,Semrush US interest-domain scan 2026-08-22,,2026-08-22,2026-08-22,
root-surname-origin,surname origin,x surname origin,,universal,identity_pattern,understand,informational,genealogy;names,smith surname origin; surname origin,verified,L2,Observed recurring demand family in Semrush US batch (19 matching unique keywords).,references/semrush-interest-scan-2026-08-22.md#surname-origin,Semrush US interest-domain scan 2026-08-22,,2026-08-22,2026-08-22,
root-solver,solver,x solver,,universal,functional_suffix,analyze,tool,all,,candidate,L1,Exact member of published 122-root expansion list,https://developer.cloud.tencent.com/article/2629255,122-root expansion list,https://developer.cloud.tencent.com/article/2629255,2026-08-22,,"Published-list provenance exists, but natural-query examples/evidence are insufficient for routine reuse."
root-tester,tester,x tester,,universal,functional_suffix,analyze,tool,all,,candidate,L1,Exact member of published 122-root expansion list,https://developer.cloud.tencent.com/article/2629255,122-root expansion list,https://developer.cloud.tencent.com/article/2629255,2026-08-22,,"Published-list provenance exists, but natural-query examples/evidence are insufficient for routine reuse."
root-counter,counter,x counter,,universal,functional_suffix,calculate,tool,text;time;fitness,word counter; calorie counter,candidate,L0,"Internal root hypothesis; requires published-source, keyword-tool, SERP, site-keyword, or monetization evidence before promotion.",,Root Library internal hypothesis,,2026-08-22,,
root-estimate,estimate,x estimate,,universal,calculation_pattern,calculate,tool,construction;finance;travel;services,cost estimate; tax estimate,candidate,L0,"Internal root hypothesis; requires published-source, keyword-tool, SERP, site-keyword, or monetization evidence before promotion.",,Root Library internal hypothesis,,2026-08-22,,
root-estimator,estimator,x estimator,,universal,functional_suffix,calculate,tool,construction;finance;travel;services,cost estimator; retirement estimator,candidate,L0,"Internal root hypothesis; requires published-source, keyword-tool, SERP, site-keyword, or monetization evidence before promotion.",,Root Library internal hypothesis,,2026-08-22,,
root-validator,validator,x validator,,universal,functional_suffix,check,tool,developer;documents;finance,json validator; email validator,candidate,L0,"Internal root hypothesis; requires published-source, keyword-tool, SERP, site-keyword, or monetization evidence before promotion.",,Root Library internal hypothesis,,2026-08-22,,
root-alternatives,alternatives,x alternatives,,universal,comparison_pattern,compare,commercial,software;products;services,canva alternatives; paypal alternatives,candidate,L0,"Internal root hypothesis; requires published-source, keyword-tool, SERP, site-keyword, or monetization evidence before promotion.",,Root Library internal hypothesis,,2026-08-22,,
root-comparison,comparison,x comparison,,universal,comparison_pattern,compare,commercial,all,breed comparison; loan comparison,candidate,L0,"Internal root hypothesis; requires published-source, keyword-tool, SERP, site-keyword, or monetization evidence before promotion.",,Root Library internal hypothesis,,2026-08-22,,
root-reviews,reviews,x reviews,,universal,decision_pattern,compare,commercial,products;software;services;travel,hotel reviews; software reviews,candidate,L0,"Internal root hypothesis; requires published-source, keyword-tool, SERP, site-keyword, or monetization evidence before promotion.",,Root Library internal hypothesis,,2026-08-22,,
root-top,top,top x,,universal,decision_pattern,compare,commercial,all,top resume builders; top travel apps,candidate,L0,"Internal root hypothesis; requires published-source, keyword-tool, SERP, site-keyword, or monetization evidence before promotion.",,Root Library internal hypothesis,,2026-08-22,,
root-vs,vs,x vs y,,universal,comparison_pattern,compare,commercial,all,kyoto vs osaka; roth vs traditional ira,candidate,L0,"Internal root hypothesis; requires published-source, keyword-tool, SERP, site-keyword, or monetization evidence before promotion.",,Root Library internal hypothesis,,2026-08-22,,
root-composer,composer,x composer,,universal,functional_suffix,create,tool,all,,candidate,L1,Exact member of published 122-root expansion list,https://developer.cloud.tencent.com/article/2629255,122-root expansion list,https://developer.cloud.tencent.com/article/2629255,2026-08-22,,"Published-list provenance exists, but natural-query examples/evidence are insufficient for routine reuse."
root-starter,starter,x starter,,universal,functional_suffix,create,tool,all,,candidate,L1,Exact member of published 122-root expansion list,https://developer.cloud.tencent.com/article/2629255,122-root expansion list,https://developer.cloud.tencent.com/article/2629255,2026-08-22,,"Published-list provenance exists, but natural-query examples/evidence are insufficient for routine reuse."
root-pros-and-cons,pros and cons,x pros and cons,,universal,comparison_pattern,decide,informational,all,solar pros and cons; remote work pros and cons,candidate,L0,"Internal root hypothesis; requires published-source, keyword-tool, SERP, site-keyword, or monetization evidence before promotion.",,Root Library internal hypothesis,,2026-08-22,,
root-recommend,recommend,x recommend,recommender; recommendation,universal,decision_pattern,decide,commercial,all,,candidate,L1,Exact member of published 122-root expansion list,https://developer.cloud.tencent.com/article/2629255,122-root expansion list,https://developer.cloud.tencent.com/article/2629255,2026-08-22,,"Published-list provenance exists, but natural-query examples/evidence are insufficient for routine reuse."
root-worth-it,worth it,is x worth it,,universal,decision_pattern,decide,commercial,products;travel;education;services,travel pass worth it; course worth it,candidate,L0,"Internal root hypothesis; requires published-source, keyword-tool, SERP, site-keyword, or monetization evidence before promotion.",,Root Library internal hypothesis,,2026-08-22,,
root-crawler,crawler,x crawler,,universal,functional_suffix,discover,tool,all,,candidate,L1,Exact member of published 122-root expansion list,https://developer.cloud.tencent.com/article/2629255,122-root expansion list,https://developer.cloud.tencent.com/article/2629255,2026-08-22,,"Published-list provenance exists, but natural-query examples/evidence are insufficient for routine reuse."
root-finder,finder,x finder,find,universal,functional_suffix,discover,tool,all,,candidate,L1,Exact member of published 122-root expansion list,https://developer.cloud.tencent.com/article/2629255,122-root expansion list,https://developer.cloud.tencent.com/article/2629255,2026-08-22,,"Published-list provenance exists, but natural-query examples/evidence are insufficient for routine reuse."
root-interactive-map,interactive map,x interactive map,,universal,resource_pattern,discover,tool,travel;gaming;astronomy,game interactive map; destination interactive map,candidate,L0,"Internal root hypothesis; requires published-source, keyword-tool, SERP, site-keyword, or monetization evidence before promotion.",,Root Library internal hypothesis,,2026-08-22,,
root-map,map,x map,,universal,resource_pattern,discover,tool,travel;gaming;astronomy;local,interactive map; night sky map,candidate,L0,"Internal root hypothesis; requires published-source, keyword-tool, SERP, site-keyword, or monetization evidence before promotion.",,Root Library internal hypothesis,,2026-08-22,,
root-portal,portal,x portal,,universal,functional_suffix,discover,tool,all,,candidate,L1,Exact member of published 122-root expansion list,https://developer.cloud.tencent.com/article/2629255,122-root expansion list,https://developer.cloud.tencent.com/article/2629255,2026-08-22,,"Published-list provenance exists, but natural-query examples/evidence are insufficient for routine reuse."
root-things-to-do,things to do,things to do in x,,universal,discovery_pattern,discover,commercial,travel;local,things to do in osaka; things to do near me,candidate,L0,"Internal root hypothesis; requires published-source, keyword-tool, SERP, site-keyword, or monetization evidence before promotion.",,Root Library internal hypothesis,,2026-08-22,,
root-randomizer,randomizer,x randomizer,,universal,functional_suffix,generate,tool,games;education;decision,name randomizer; team randomizer,candidate,L0,"Internal root hypothesis; requires published-source, keyword-tool, SERP, site-keyword, or monetization evidence before promotion.",,Root Library internal hypothesis,,2026-08-22,,
root-identifier,identifier,x identifier,,universal,functional_suffix,identify,tool,plants;animals;music;objects,plant identifier; bird identifier,candidate,L0,"Internal root hypothesis; requires published-source, keyword-tool, SERP, site-keyword, or monetization evidence before promotion.",,Root Library internal hypothesis,,2026-08-22,,
root-type,type,x type,,universal,identity_pattern,identify,informational,personality;products;biology,personality type; skin type,candidate,L0,"Internal root hypothesis; requires published-source, keyword-tool, SERP, site-keyword, or monetization evidence before promotion.",,Root Library internal hypothesis,,2026-08-22,,
root-flashcards,flashcards,x flashcards,,universal,resource_format,learn,resource,education;language;medicine,spanish flashcards; anatomy flashcards,candidate,L0,"Internal root hypothesis; requires published-source, keyword-tool, SERP, site-keyword, or monetization evidence before promotion.",,Root Library internal hypothesis,,2026-08-22,,
root-formula,formula,x formula,,universal,knowledge_pattern,learn,informational,education;finance;science,compound interest formula; bmi formula,candidate,L0,"Internal root hypothesis; requires published-source, keyword-tool, SERP, site-keyword, or monetization evidence before promotion.",,Root Library internal hypothesis,,2026-08-22,,
root-practice,practice,x practice,,universal,learning_pattern,learn,informational,education;language;music;certification,math practice; spanish practice,candidate,L0,"Internal root hypothesis; requires published-source, keyword-tool, SERP, site-keyword, or monetization evidence before promotion.",,Root Library internal hypothesis,,2026-08-22,,
root-practice-test,practice test,x practice test,,universal,learning_pattern,learn,informational,education;certification;driving,sat practice test; pmp practice test,candidate,L0,"Internal root hypothesis; requires published-source, keyword-tool, SERP, site-keyword, or monetization evidence before promotion.",,Root Library internal hypothesis,,2026-08-22,,
root-quiz,quiz,x quiz,,universal,interactive_pattern,learn,tool,education;relationships;entertainment,personality quiz; geography quiz,candidate,L0,"Internal root hypothesis; requires published-source, keyword-tool, SERP, site-keyword, or monetization evidence before promotion.",,Root Library internal hypothesis,,2026-08-22,,
root-recipe,recipe,x recipe,,universal,content_pattern,learn,informational,food;baking;drinks,sourdough recipe; cold brew recipe,verified,L2,Observed as a stable recurring content-demand family across major baking/fermentation recipe resources.,references/baking-fermentation-demand-evidence-2026-08-22.md#recipe,Root Library internal hypothesis | Baking/Fermentation SERP & site research 2026-08-22,https://www.kingarthurbaking.com/recipes/sourdough-starter-recipe | https://breadtopia.com/sourdough-no-knead-bread/,2026-08-22,2026-08-22,L2 evidence here validates food/baking usage; it does not validate every possible recipe combination.
root-tips,tips,x tips,,universal,informational_pattern,learn,informational,all,packing tips; interview tips,candidate,L0,"Internal root hypothesis; requires published-source, keyword-tool, SERP, site-keyword, or monetization evidence before promotion.",,Root Library internal hypothesis,,2026-08-22,,
root-tutorial,tutorial,x tutorial,,universal,informational_pattern,learn,informational,all,excel tutorial; guitar chord tutorial,candidate,L0,"Internal root hypothesis; requires published-source, keyword-tool, SERP, site-keyword, or monetization evidence before promotion.",,Root Library internal hypothesis,,2026-08-22,,
root-worksheet,worksheet,x worksheet,,universal,resource_format,learn,resource,education;finance;therapy,fraction worksheet; budgeting worksheet,candidate,L0,"Internal root hypothesis; requires published-source, keyword-tool, SERP, site-keyword, or monetization evidence before promotion.",,Root Library internal hypothesis,,2026-08-22,,
root-near-me,near me,x near me,,universal,local_pattern,location,commercial,local_services;travel;retail,coffee near me; notary near me,candidate,L0,"Internal root hypothesis; requires published-source, keyword-tool, SERP, site-keyword, or monetization evidence before promotion.",,Root Library internal hypothesis,,2026-08-22,,
root-where-to-stay,where to stay,where to stay in x,,universal,decision_pattern,location,commercial,travel,where to stay in tokyo; where to stay in rome,candidate,L0,"Internal root hypothesis; requires published-source, keyword-tool, SERP, site-keyword, or monetization evidence before promotion.",,Root Library internal hypothesis,,2026-08-22,,
root-database,database,x database,,universal,resource_pattern,lookup,resource,all,perfume database; item database,candidate,L0,"Internal root hypothesis; requires published-source, keyword-tool, SERP, site-keyword, or monetization evidence before promotion.",,Root Library internal hypothesis,,2026-08-22,,
root-lookup,lookup,x lookup,,universal,functional_suffix,lookup,tool,finance;legal;reference;crypto,bitcoin address lookup; license lookup,candidate,L0,"Internal root hypothesis; requires published-source, keyword-tool, SERP, site-keyword, or monetization evidence before promotion.",,Root Library internal hypothesis,,2026-08-22,,
root-advisor,advisor,x advisor,,universal,functional_suffix,manage,tool,all,,candidate,L1,Exact member of published 122-root expansion list,https://developer.cloud.tencent.com/article/2629255,122-root expansion list,https://developer.cloud.tencent.com/article/2629255,2026-08-22,,"Published-list provenance exists, but natural-query examples/evidence are insufficient for routine reuse."
root-agent,agent,x agent,,universal,functional_suffix,manage,tool,all,,candidate,L1,Exact member of published 122-root expansion list,https://developer.cloud.tencent.com/article/2629255,122-root expansion list,https://developer.cloud.tencent.com/article/2629255,2026-08-22,,"Published-list provenance exists, but natural-query examples/evidence are insufficient for routine reuse."
root-helper,helper,x helper,,universal,functional_suffix,manage,tool,all,,candidate,L1,Exact member of published 122-root expansion list,https://developer.cloud.tencent.com/article/2629255,122-root expansion list,https://developer.cloud.tencent.com/article/2629255,2026-08-22,,"Published-list provenance exists, but natural-query examples/evidence are insufficient for routine reuse."
root-x-to-y,x to y,x to y,,universal,route_pattern,navigate,mixed,travel;transport;conversion,tokyo to kyoto; usd to eur,candidate,L0,"Internal root hypothesis; requires published-source, keyword-tool, SERP, site-keyword, or monetization evidence before promotion.",,Root Library internal hypothesis,,2026-08-22,,
root-budget,budget,x budget,,universal,planning_pattern,plan,mixed,travel;wedding;finance;household,travel budget; wedding budget,candidate,L0,"Internal root hypothesis; requires published-source, keyword-tool, SERP, site-keyword, or monetization evidence before promotion.",,Root Library internal hypothesis,,2026-08-22,,
root-calendar,calendar,x calendar,,universal,planning_pattern,plan,resource,events;education;finance;family,meteor shower calendar; content calendar,candidate,L0,"Internal root hypothesis; requires published-source, keyword-tool, SERP, site-keyword, or monetization evidence before promotion.",,Root Library internal hypothesis,,2026-08-22,,
root-checklist,checklist,x checklist,,universal,planning_pattern,plan,resource,travel;wedding;business;life,packing checklist; wedding checklist,candidate,L0,"Internal root hypothesis; requires published-source, keyword-tool, SERP, site-keyword, or monetization evidence before promotion.",,Root Library internal hypothesis,,2026-08-22,,
root-how-many-days,how many days,how many days in x,,universal,decision_pattern,plan,informational,travel,how many days in kyoto; how many days in paris,candidate,L0,"Internal root hypothesis; requires published-source, keyword-tool, SERP, site-keyword, or monetization evidence before promotion.",,Root Library internal hypothesis,,2026-08-22,,
root-routine,routine,x routine,,universal,planning_pattern,plan,informational,fitness;skincare;productivity,morning routine; skincare routine,candidate,L0,"Internal root hypothesis; requires published-source, keyword-tool, SERP, site-keyword, or monetization evidence before promotion.",,Root Library internal hypothesis,,2026-08-22,,
root-timeline,timeline,x timeline,,universal,planning_pattern,plan,informational,wedding;history;projects;pregnancy,wedding timeline; project timeline,candidate,L0,"Internal root hypothesis; requires published-source, keyword-tool, SERP, site-keyword, or monetization evidence before promotion.",,Root Library internal hypothesis,,2026-08-22,,
root-predictor,predictor,x predictor,,universal,functional_suffix,predict,tool,sports;finance;pet;weather,puppy weight predictor; race predictor,candidate,L0,"Internal root hypothesis; requires published-source, keyword-tool, SERP, site-keyword, or monetization evidence before promotion.",,Root Library internal hypothesis,,2026-08-22,,
root-cost,cost,x cost,,universal,commercial_pattern,price,commercial,all,wedding cost; trip cost; roof cost,candidate,L0,"Internal root hypothesis; requires published-source, keyword-tool, SERP, site-keyword, or monetization evidence before promotion.",,Root Library internal hypothesis,,2026-08-22,,
root-fee,fee,x fee,,universal,commercial_pattern,price,commercial,finance;travel;services,bitcoin fee; visa fee,candidate,L0,"Internal root hypothesis; requires published-source, keyword-tool, SERP, site-keyword, or monetization evidence before promotion.",,Root Library internal hypothesis,,2026-08-22,,
root-fees,fees,x fees,,universal,commercial_pattern,price,commercial,finance;travel;services,exchange fees; closing fees,candidate,L0,"Internal root hypothesis; requires published-source, keyword-tool, SERP, site-keyword, or monetization evidence before promotion.",,Root Library internal hypothesis,,2026-08-22,,
root-free,free,free x,,universal,query_modifier,price,mixed,all,free calculator; free template; free tarot reading,candidate,L0,"Internal root hypothesis; requires published-source, keyword-tool, SERP, site-keyword, or monetization evidence before promotion.",,Root Library internal hypothesis,,2026-08-22,,
root-price,price,x price,,universal,commercial_pattern,price,commercial,all,bitcoin price; software price; gold price,candidate,L0,"Internal root hypothesis; requires published-source, keyword-tool, SERP, site-keyword, or monetization evidence before promotion.",,Root Library internal hypothesis,,2026-08-22,,
root-rates,rates,x rates,,universal,commercial_pattern,price,commercial,finance;travel;utilities,mortgage rates; exchange rates,candidate,L0,"Internal root hypothesis; requires published-source, keyword-tool, SERP, site-keyword, or monetization evidence before promotion.",,Root Library internal hypothesis,,2026-08-22,,
root-salary,salary,x salary,,universal,commercial_pattern,price,commercial,careers;finance,product manager salary; nurse salary,candidate,L0,"Internal root hypothesis; requires published-source, keyword-tool, SERP, site-keyword, or monetization evidence before promotion.",,Root Library internal hypothesis,,2026-08-22,,
root-date-night-questions,date night questions,date night questions,,universal,relationship_pattern,relationship,interactive,relationships,date night questions for couples,candidate,L0,"Internal root hypothesis; requires published-source, keyword-tool, SERP, site-keyword, or monetization evidence before promotion.",,Root Library internal hypothesis,,2026-08-22,,
root-substitute,substitute,x substitute,,universal,decision_pattern,replace,informational,food;software;materials,egg substitute; ingredient substitute,verified,L2,Observed as a recurring baking/food substitution demand family across independent ingredient-substitution resources.,references/baking-fermentation-demand-evidence-2026-08-22.md#substitute,Root Library internal hypothesis | Baking/Fermentation SERP & site research 2026-08-22,https://www.quakeroats.com/cooking-and-recipes/baking-101/welcome-to-baking-101/ingredients-and-substitutions | https://www.joyofbaking.com/IngredientSubstitution.html,2026-08-22,2026-08-22,L2 evidence here validates food/baking usage; other applicable domains remain independently unverified.
root-answer,answer,x answer,,universal,resource_pattern,resource,informational,all,,candidate,L1,Exact member of published 122-root expansion list,https://developer.cloud.tencent.com/article/2629255,122-root expansion list,https://developer.cloud.tencent.com/article/2629255,2026-08-22,,"Published-list provenance exists, but natural-query examples/evidence are insufficient for routine reuse."
root-cheat,cheat,x cheat,,universal,resource_pattern,resource,informational,all,,candidate,L1,Exact member of published 122-root expansion list,https://developer.cloud.tencent.com/article/2629255,122-root expansion list,https://developer.cloud.tencent.com/article/2629255,2026-08-22,,"Published-list provenance exists, but natural-query examples/evidence are insufficient for routine reuse."
root-clue,clue,x clue,,universal,resource_pattern,resource,informational,all,,candidate,L1,Exact member of published 122-root expansion list,https://developer.cloud.tencent.com/article/2629255,122-root expansion list,https://developer.cloud.tencent.com/article/2629255,2026-08-22,,"Published-list provenance exists, but natural-query examples/evidence are insufficient for routine reuse."
root-download,download,x download,,universal,resource_pattern,resource,resource,software;media;documents,template download; ebook download,candidate,L0,"Internal root hypothesis; requires published-source, keyword-tool, SERP, site-keyword, or monetization evidence before promotion.",,Root Library internal hypothesis,,2026-08-22,,
root-ebook,ebook,x ebook,,universal,resource_format,resource,resource,books;education;reference,free ebook; marketing ebook,candidate,L0,"Internal root hypothesis; requires published-source, keyword-tool, SERP, site-keyword, or monetization evidence before promotion.",,Root Library internal hypothesis,,2026-08-22,,
root-faq,faq,x faq,,universal,resource_pattern,resource,informational,all,,candidate,L1,Exact member of published 122-root expansion list,https://developer.cloud.tencent.com/article/2629255,122-root expansion list,https://developer.cloud.tencent.com/article/2629255,2026-08-22,,"Published-list provenance exists, but natural-query examples/evidence are insufficient for routine reuse."
root-hint,hint,x hint,,universal,resource_pattern,resource,informational,all,,candidate,L1,Exact member of published 122-root expansion list,https://developer.cloud.tencent.com/article/2629255,122-root expansion list,https://developer.cloud.tencent.com/article/2629255,2026-08-22,,"Published-list provenance exists, but natural-query examples/evidence are insufficient for routine reuse."
root-ideas,ideas,x ideas,,universal,resource_pattern,resource,informational,all,,candidate,L1,Exact member of published 122-root expansion list,https://developer.cloud.tencent.com/article/2629255,122-root expansion list,https://developer.cloud.tencent.com/article/2629255,2026-08-22,,"Published-list provenance exists, but natural-query examples/evidence are insufficient for routine reuse."
root-list,list,x list,,universal,resource_pattern,resource,informational,all,,candidate,L1,Exact member of published 122-root expansion list,https://developer.cloud.tencent.com/article/2629255,122-root expansion list,https://developer.cloud.tencent.com/article/2629255,2026-08-22,,"Published-list provenance exists, but natural-query examples/evidence are insufficient for routine reuse."
root-pdf,pdf,x pdf,,universal,resource_format,resource,resource,education;documents;reference,worksheet pdf; formula pdf,candidate,L0,"Internal root hypothesis; requires published-source, keyword-tool, SERP, site-keyword, or monetization evidence before promotion.",,Root Library internal hypothesis,,2026-08-22,,
root-printable,printable,x printable,,universal,resource_format,resource,resource,education;wedding;travel;family,packing list printable; calendar printable,candidate,L0,"Internal root hypothesis; requires published-source, keyword-tool, SERP, site-keyword, or monetization evidence before promotion.",,Root Library internal hypothesis,,2026-08-22,,
root-resources,resources,x resources,,universal,resource_pattern,resource,informational,all,,candidate,L1,Exact member of published 122-root expansion list,https://developer.cloud.tencent.com/article/2629255,122-root expansion list,https://developer.cloud.tencent.com/article/2629255,2026-08-22,,"Published-list provenance exists, but natural-query examples/evidence are insufficient for routine reuse."
root-summary,summary,x summary,,universal,resource_pattern,resource,informational,all,,candidate,L1,Exact member of published 122-root expansion list,https://developer.cloud.tencent.com/article/2629255,122-root expansion list,https://developer.cloud.tencent.com/article/2629255,2026-08-22,,"Published-list provenance exists, but natural-query examples/evidence are insufficient for routine reuse."
root-this-weekend,this weekend,x this weekend,,universal,time_pattern,time,informational,travel;events;local,things to do this weekend,candidate,L0,"Internal root hypothesis; requires published-source, keyword-tool, SERP, site-keyword, or monetization evidence before promotion.",,Root Library internal hypothesis,,2026-08-22,,
root-today,today,x today,,universal,time_pattern,time,informational,news;events;finance;weather,bitcoin price today; events today,candidate,L0,"Internal root hypothesis; requires published-source, keyword-tool, SERP, site-keyword, or monetization evidence before promotion.",,Root Library internal hypothesis,,2026-08-22,,
root-tonight,tonight,x tonight,,universal,time_pattern,time,informational,astronomy;events;entertainment,planets visible tonight; events tonight,candidate,L0,"Internal root hypothesis; requires published-source, keyword-tool, SERP, site-keyword, or monetization evidence before promotion.",,Root Library internal hypothesis,,2026-08-22,,
root-countdown,countdown,x countdown,,universal,functional_suffix,track,tool,events;crypto;travel,halving countdown; wedding countdown,candidate,L0,"Internal root hypothesis; requires published-source, keyword-tool, SERP, site-keyword, or monetization evidence before promotion.",,Root Library internal hypothesis,,2026-08-22,,
root-timer,timer,x timer,,universal,functional_suffix,track,tool,productivity;cooking;fitness,pomodoro timer; interval timer,candidate,L0,"Internal root hypothesis; requires published-source, keyword-tool, SERP, site-keyword, or monetization evidence before promotion.",,Root Library internal hypothesis,,2026-08-22,,
root-enhancer,enhancer,x enhancer,,universal,functional_suffix,transform,tool,all,,candidate,L1,Exact member of published 122-root expansion list,https://developer.cloud.tencent.com/article/2629255,122-root expansion list,https://developer.cloud.tencent.com/article/2629255,2026-08-22,,"Published-list provenance exists, but natural-query examples/evidence are insufficient for routine reuse."
root-filter,filter,x filter,,universal,functional_suffix,transform,tool,all,,candidate,L1,Exact member of published 122-root expansion list,https://developer.cloud.tencent.com/article/2629255,122-root expansion list,https://developer.cloud.tencent.com/article/2629255,2026-08-22,,"Published-list provenance exists, but natural-query examples/evidence are insufficient for routine reuse."
root-formatter,formatter,x formatter,,universal,functional_suffix,transform,tool,developer;documents,json formatter; sql formatter,candidate,L0,"Internal root hypothesis; requires published-source, keyword-tool, SERP, site-keyword, or monetization evidence before promotion.",,Root Library internal hypothesis,,2026-08-22,,
root-humanizer,humanizer,x humanizer,,universal,functional_suffix,transform,tool,all,,candidate,L1,Exact member of published 122-root expansion list,https://developer.cloud.tencent.com/article/2629255,122-root expansion list,https://developer.cloud.tencent.com/article/2629255,2026-08-22,,"Published-list provenance exists, but natural-query examples/evidence are insufficient for routine reuse."
root-modifier,modifier,x modifier,,universal,functional_suffix,transform,tool,all,,candidate,L1,Exact member of published 122-root expansion list,https://developer.cloud.tencent.com/article/2629255,122-root expansion list,https://developer.cloud.tencent.com/article/2629255,2026-08-22,,"Published-list provenance exists, but natural-query examples/evidence are insufficient for routine reuse."
root-paraphraser,paraphraser,x paraphraser,,universal,functional_suffix,transform,tool,all,,candidate,L1,Exact member of published 122-root expansion list,https://developer.cloud.tencent.com/article/2629255,122-root expansion list,https://developer.cloud.tencent.com/article/2629255,2026-08-22,,"Published-list provenance exists, but natural-query examples/evidence are insufficient for routine reuse."
root-restorer,restorer,x restorer,,universal,functional_suffix,transform,tool,all,,candidate,L1,Exact member of published 122-root expansion list,https://developer.cloud.tencent.com/article/2629255,122-root expansion list,https://developer.cloud.tencent.com/article/2629255,2026-08-22,,"Published-list provenance exists, but natural-query examples/evidence are insufficient for routine reuse."
root-definition,definition,x definition,,universal,informational_pattern,understand,informational,all,compound interest definition; symbolism definition,candidate,L0,"Internal root hypothesis; requires published-source, keyword-tool, SERP, site-keyword, or monetization evidence before promotion.",,Root Library internal hypothesis,,2026-08-22,,
root-explained,explained,x explained,,universal,informational_pattern,understand,informational,all,mortgage rates explained; ending explained,candidate,L0,"Internal root hypothesis; requires published-source, keyword-tool, SERP, site-keyword, or monetization evidence before promotion.",,Root Library internal hypothesis,,2026-08-22,,
root-signs,signs,signs x,,universal,informational_pattern,understand,informational,relationships;health;behavior,signs he likes you; signs of burnout,candidate,L0,"Internal root hypothesis; requires published-source, keyword-tool, SERP, site-keyword, or monetization evidence before promotion.",,Root Library internal hypothesis,,2026-08-22,,
root-symbolism,symbolism,x symbolism,,universal,informational_pattern,understand,informational,culture;dreams;religion;literature,raven symbolism; snake symbolism,candidate,L0,"Internal root hypothesis; requires published-source, keyword-tool, SERP, site-keyword, or monetization evidence before promotion.",,Root Library internal hypothesis,,2026-08-22,,
root-what-does,what does,what does x mean,,universal,question_pattern,understand,informational,all,what does 444 mean; what does a dream mean,candidate,L0,"Internal root hypothesis; requires published-source, keyword-tool, SERP, site-keyword, or monetization evidence before promotion.",,Root Library internal hypothesis,,2026-08-22,,
root-what-is,what is,what is x,,universal,question_pattern,understand,informational,all,what is bitcoin; what is attachment style,candidate,L0,"Internal root hypothesis; requires published-source, keyword-tool, SERP, site-keyword, or monetization evidence before promotion.",,Root Library internal hypothesis,,2026-08-22,,
root-why,why,why x,,universal,question_pattern,understand,informational,all,why does my cat knead me; why is bitcoin down,candidate,L0,"Internal root hypothesis; requires published-source, keyword-tool, SERP, site-keyword, or monetization evidence before promotion.",,Root Library internal hypothesis,,2026-08-22,,
root-visualizer,visualizer,x visualizer,,universal,functional_suffix,visualize,tool,music;design;data;math,audio visualizer; room visualizer,candidate,L0,"Internal root hypothesis; requires published-source, keyword-tool, SERP, site-keyword, or monetization evidence before promotion.",,Root Library internal hypothesis,,2026-08-22,,
root-anime,anime,x anime,,universal,topic_or_modality,content,mixed,all,,candidate,L1,Exact member of published 122-root expansion list,https://developer.cloud.tencent.com/article/2629255,122-root expansion list,https://developer.cloud.tencent.com/article/2629255,2026-08-22,,Candidate/topic-modality entries require domain evidence before promotion.
root-art,art,x art,,universal,topic_or_modality,content,mixed,all,,candidate,L1,Exact member of published 122-root expansion list,https://developer.cloud.tencent.com/article/2629255,122-root expansion list,https://developer.cloud.tencent.com/article/2629255,2026-08-22,,Candidate/topic-modality entries require domain evidence before promotion.
root-audio,audio,x audio,,universal,topic_or_modality,content,mixed,all,,candidate,L1,Exact member of published 122-root expansion list,https://developer.cloud.tencent.com/article/2629255,122-root expansion list,https://developer.cloud.tencent.com/article/2629255,2026-08-22,,Candidate/topic-modality entries require domain evidence before promotion.
root-avatar,avatar,x avatar,,universal,topic_or_modality,content,mixed,all,,candidate,L1,Exact member of published 122-root expansion list,https://developer.cloud.tencent.com/article/2629255,122-root expansion list,https://developer.cloud.tencent.com/article/2629255,2026-08-22,,Candidate/topic-modality entries require domain evidence before promotion.
root-cartoon,cartoon,x cartoon,,universal,topic_or_modality,content,mixed,all,,candidate,L1,Exact member of published 122-root expansion list,https://developer.cloud.tencent.com/article/2629255,122-root expansion list,https://developer.cloud.tencent.com/article/2629255,2026-08-22,,Candidate/topic-modality entries require domain evidence before promotion.
root-character,character,x character,,universal,topic_or_modality,content,mixed,all,,candidate,L1,Exact member of published 122-root expansion list,https://developer.cloud.tencent.com/article/2629255,122-root expansion list,https://developer.cloud.tencent.com/article/2629255,2026-08-22,,Candidate/topic-modality entries require domain evidence before promotion.
root-chart,chart,x chart,,universal,topic_or_modality,content,mixed,all,,candidate,L1,Exact member of published 122-root expansion list,https://developer.cloud.tencent.com/article/2629255,122-root expansion list,https://developer.cloud.tencent.com/article/2629255,2026-08-22,,Candidate/topic-modality entries require domain evidence before promotion.
root-chat,chat,x chat,,universal,topic_or_modality,content,mixed,all,,candidate,L1,Exact member of published 122-root expansion list,https://developer.cloud.tencent.com/article/2629255,122-root expansion list,https://developer.cloud.tencent.com/article/2629255,2026-08-22,,Candidate/topic-modality entries require domain evidence before promotion.
root-code,code,x code,,universal,topic_or_modality,content,mixed,all,,candidate,L1,Exact member of published 122-root expansion list,https://developer.cloud.tencent.com/article/2629255,122-root expansion list,https://developer.cloud.tencent.com/article/2629255,2026-08-22,,Candidate/topic-modality entries require domain evidence before promotion.
root-coloring-page,coloring page,x coloring page,,universal,topic_or_modality,content,mixed,all,,candidate,L1,Exact member of published 122-root expansion list,https://developer.cloud.tencent.com/article/2629255,122-root expansion list,https://developer.cloud.tencent.com/article/2629255,2026-08-22,,Candidate/topic-modality entries require domain evidence before promotion.
root-diagram,diagram,x diagram,,universal,topic_or_modality,content,mixed,all,,candidate,L1,Exact member of published 122-root expansion list,https://developer.cloud.tencent.com/article/2629255,122-root expansion list,https://developer.cloud.tencent.com/article/2629255,2026-08-22,,Candidate/topic-modality entries require domain evidence before promotion.
root-emoji,emoji,x emoji,,universal,topic_or_modality,content,mixed,all,,candidate,L1,Exact member of published 122-root expansion list,https://developer.cloud.tencent.com/article/2629255,122-root expansion list,https://developer.cloud.tencent.com/article/2629255,2026-08-22,,Candidate/topic-modality entries require domain evidence before promotion.
root-face,face,x face,,universal,topic_or_modality,content,mixed,all,,candidate,L1,Exact member of published 122-root expansion list,https://developer.cloud.tencent.com/article/2629255,122-root expansion list,https://developer.cloud.tencent.com/article/2629255,2026-08-22,,Candidate/topic-modality entries require domain evidence before promotion.
root-figure,figure,x figure,,universal,topic_or_modality,content,mixed,all,,candidate,L1,Exact member of published 122-root expansion list,https://developer.cloud.tencent.com/article/2629255,122-root expansion list,https://developer.cloud.tencent.com/article/2629255,2026-08-22,,Candidate/topic-modality entries require domain evidence before promotion.
root-font,font,x font,,universal,topic_or_modality,content,mixed,all,,candidate,L1,Exact member of published 122-root expansion list,https://developer.cloud.tencent.com/article/2629255,122-root expansion list,https://developer.cloud.tencent.com/article/2629255,2026-08-22,,Candidate/topic-modality entries require domain evidence before promotion.
root-graph,graph,x graph,,universal,topic_or_modality,content,mixed,all,,candidate,L1,Exact member of published 122-root expansion list,https://developer.cloud.tencent.com/article/2629255,122-root expansion list,https://developer.cloud.tencent.com/article/2629255,2026-08-22,,Candidate/topic-modality entries require domain evidence before promotion.
root-icon,icon,x icon,,universal,topic_or_modality,content,mixed,all,,candidate,L1,Exact member of published 122-root expansion list,https://developer.cloud.tencent.com/article/2629255,122-root expansion list,https://developer.cloud.tencent.com/article/2629255,2026-08-22,,Candidate/topic-modality entries require domain evidence before promotion.
root-illustration,illustration,x illustration,,universal,topic_or_modality,content,mixed,all,,candidate,L1,Exact member of published 122-root expansion list,https://developer.cloud.tencent.com/article/2629255,122-root expansion list,https://developer.cloud.tencent.com/article/2629255,2026-08-22,,Candidate/topic-modality entries require domain evidence before promotion.
root-image,image,x image,,universal,topic_or_modality,content,mixed,all,,candidate,L1,Exact member of published 122-root expansion list,https://developer.cloud.tencent.com/article/2629255,122-root expansion list,https://developer.cloud.tencent.com/article/2629255,2026-08-22,,Candidate/topic-modality entries require domain evidence before promotion.
root-interior-design,interior design,x interior design,,universal,topic_or_modality,content,mixed,all,,candidate,L1,Exact member of published 122-root expansion list,https://developer.cloud.tencent.com/article/2629255,122-root expansion list,https://developer.cloud.tencent.com/article/2629255,2026-08-22,,Candidate/topic-modality entries require domain evidence before promotion.
root-layout,layout,x layout,,universal,topic_or_modality,content,mixed,all,,candidate,L1,Exact member of published 122-root expansion list,https://developer.cloud.tencent.com/article/2629255,122-root expansion list,https://developer.cloud.tencent.com/article/2629255,2026-08-22,,Candidate/topic-modality entries require domain evidence before promotion.
root-logo,logo,x logo,,universal,topic_or_modality,content,mixed,all,,candidate,L1,Exact member of published 122-root expansion list,https://developer.cloud.tencent.com/article/2629255,122-root expansion list,https://developer.cloud.tencent.com/article/2629255,2026-08-22,,Candidate/topic-modality entries require domain evidence before promotion.
root-meme,meme,x meme,,universal,topic_or_modality,content,mixed,all,,candidate,L1,Exact member of published 122-root expansion list,https://developer.cloud.tencent.com/article/2629255,122-root expansion list,https://developer.cloud.tencent.com/article/2629255,2026-08-22,,Candidate/topic-modality entries require domain evidence before promotion.
root-model,model,x model,,universal,topic_or_modality,content,mixed,all,,candidate,L1,Exact member of published 122-root expansion list,https://developer.cloud.tencent.com/article/2629255,122-root expansion list,https://developer.cloud.tencent.com/article/2629255,2026-08-22,,Candidate/topic-modality entries require domain evidence before promotion.
root-music,music,x music,,universal,topic_or_modality,content,mixed,all,,candidate,L1,Exact member of published 122-root expansion list,https://developer.cloud.tencent.com/article/2629255,122-root expansion list,https://developer.cloud.tencent.com/article/2629255,2026-08-22,,Candidate/topic-modality entries require domain evidence before promotion.
root-photo,photo,x photo,,universal,topic_or_modality,content,mixed,all,,candidate,L1,Exact member of published 122-root expansion list,https://developer.cloud.tencent.com/article/2629255,122-root expansion list,https://developer.cloud.tencent.com/article/2629255,2026-08-22,,Candidate/topic-modality entries require domain evidence before promotion.
root-picture,picture,x picture,,universal,topic_or_modality,content,mixed,all,,candidate,L1,Exact member of published 122-root expansion list,https://developer.cloud.tencent.com/article/2629255,122-root expansion list,https://developer.cloud.tencent.com/article/2629255,2026-08-22,,Candidate/topic-modality entries require domain evidence before promotion.
root-portrait,portrait,x portrait,,universal,topic_or_modality,content,mixed,all,,candidate,L1,Exact member of published 122-root expansion list,https://developer.cloud.tencent.com/article/2629255,122-root expansion list,https://developer.cloud.tencent.com/article/2629255,2026-08-22,,Candidate/topic-modality entries require domain evidence before promotion.
root-product-photo,product photo,x product photo,,universal,topic_or_modality,content,mixed,all,,candidate,L1,Exact member of published 122-root expansion list,https://developer.cloud.tencent.com/article/2629255,122-root expansion list,https://developer.cloud.tencent.com/article/2629255,2026-08-22,,Candidate/topic-modality entries require domain evidence before promotion.
root-song,song,x song,,universal,topic_or_modality,content,mixed,all,,candidate,L1,Exact member of published 122-root expansion list,https://developer.cloud.tencent.com/article/2629255,122-root expansion list,https://developer.cloud.tencent.com/article/2629255,2026-08-22,,Candidate/topic-modality entries require domain evidence before promotion.
root-sound,sound,x sound,,universal,topic_or_modality,content,mixed,all,,candidate,L1,Exact member of published 122-root expansion list,https://developer.cloud.tencent.com/article/2629255,122-root expansion list,https://developer.cloud.tencent.com/article/2629255,2026-08-22,,Candidate/topic-modality entries require domain evidence before promotion.
root-speech,speech,x speech,,universal,topic_or_modality,content,mixed,all,,candidate,L1,Exact member of published 122-root expansion list,https://developer.cloud.tencent.com/article/2629255,122-root expansion list,https://developer.cloud.tencent.com/article/2629255,2026-08-22,,Candidate/topic-modality entries require domain evidence before promotion.
root-studio,studio,x studio,,universal,topic_or_modality,content,mixed,all,,candidate,L1,Exact member of published 122-root expansion list,https://developer.cloud.tencent.com/article/2629255,122-root expansion list,https://developer.cloud.tencent.com/article/2629255,2026-08-22,,Candidate/topic-modality entries require domain evidence before promotion.
root-style,style,x style,,universal,topic_or_modality,content,mixed,all,,candidate,L1,Exact member of published 122-root expansion list,https://developer.cloud.tencent.com/article/2629255,122-root expansion list,https://developer.cloud.tencent.com/article/2629255,2026-08-22,,Candidate/topic-modality entries require domain evidence before promotion.
root-tattoo,tattoo,x tattoo,,universal,topic_or_modality,content,mixed,all,,candidate,L1,Exact member of published 122-root expansion list,https://developer.cloud.tencent.com/article/2629255,122-root expansion list,https://developer.cloud.tencent.com/article/2629255,2026-08-22,,Candidate/topic-modality entries require domain evidence before promotion.
root-text,text,x text,,universal,topic_or_modality,content,mixed,all,,candidate,L1,Exact member of published 122-root expansion list,https://developer.cloud.tencent.com/article/2629255,122-root expansion list,https://developer.cloud.tencent.com/article/2629255,2026-08-22,,Candidate/topic-modality entries require domain evidence before promotion.
root-action,action,x action,,universal,candidate_pattern,other,mixed,all,,candidate,L1,Exact member of published 122-root expansion list,https://developer.cloud.tencent.com/article/2629255,122-root expansion list,https://developer.cloud.tencent.com/article/2629255,2026-08-22,,Candidate/topic-modality entries require domain evidence before promotion.
root-summarizer,summarizer,x summarizer,summariser; summarize,universal,candidate_pattern,other,mixed,all,,candidate,L1,Exact member of published 122-root expansion list,https://developer.cloud.tencent.com/article/2629255,122-root expansion list,https://developer.cloud.tencent.com/article/2629255,2026-08-22,,Candidate/topic-modality entries require domain evidence before promotion.
root-ai,ai,x ai,,universal,technology_modifier,technology,mixed,all,,candidate,L1,Exact member of published 122-root expansion list,https://developer.cloud.tencent.com/article/2629255,122-root expansion list,https://developer.cloud.tencent.com/article/2629255,2026-08-22,,Candidate/topic-modality entries require domain evidence before promotion.
root-character-builder,character builder,x character builder,,domain,domain_pattern,build,tool,gaming,baldurs gate character builder; rpg character builder,verified,L2,Observed recurring demand family in Semrush US batch (10 matching unique keywords).,references/semrush-interest-scan-2026-08-22.md#character-builder,Semrush US interest-domain scan 2026-08-22,,2026-08-22,2026-08-22,
root-bitcoin-calculator,bitcoin calculator,x bitcoin calculator,,domain,domain_pattern,calculate,tool,bitcoin,bitcoin calculator; bitcoin profit calculator,verified,L2,Observed recurring demand family in Semrush US batch (13 matching unique keywords).,references/semrush-interest-scan-2026-08-22.md#bitcoin-calculator,Semrush US interest-domain scan 2026-08-22,,2026-08-22,2026-08-22,
root-bitcoin-dca,bitcoin dca,x bitcoin dca,,domain,domain_topic,calculate,tool,bitcoin,bitcoin dca calculator; bitcoin dca returns,verified,L2,Observed recurring demand family in Semrush US batch (16 matching unique keywords).,references/semrush-interest-scan-2026-08-22.md#bitcoin-dca,Semrush US interest-domain scan 2026-08-22,,2026-08-22,2026-08-22,
root-bitcoin-fee,bitcoin fee,x bitcoin fee,,domain,domain_topic,calculate,mixed,bitcoin,bitcoin fee calculator; bitcoin fees,verified,L2,Observed recurring demand family in Semrush US batch (9 matching unique keywords).,references/semrush-interest-scan-2026-08-22.md#bitcoin-fee,Semrush US interest-domain scan 2026-08-22,,2026-08-22,2026-08-22,
root-bitcoin-profit,bitcoin profit,x bitcoin profit,,domain,domain_topic,calculate,tool,bitcoin,bitcoin profit calculator; bitcoin return calculator,verified,L2,Observed recurring demand family in Semrush US batch (6 matching unique keywords).,references/semrush-interest-scan-2026-08-22.md#bitcoin-profit,Semrush US interest-domain scan 2026-08-22,,2026-08-22,2026-08-22,
root-build-calculator,build calculator,x build calculator,,domain,domain_pattern,calculate,tool,gaming,elden ring build calculator; diablo build calculator,verified,L2,Observed recurring demand family in Semrush US batch (33 matching unique keywords).,references/semrush-interest-scan-2026-08-22.md#build-calculator,Semrush US interest-domain scan 2026-08-22,,2026-08-22,2026-08-22,
root-dog-age-calculator,dog age calculator,dog age calculator,,domain,domain_pattern,calculate,tool,pet,dog age calculator; age calculator of dog,verified,L2,Observed recurring demand family in Semrush US batch (9 matching unique keywords).,references/semrush-interest-scan-2026-08-22.md#dog-age-calculator,Semrush US interest-domain scan 2026-08-22,,2026-08-22,2026-08-22,
root-dog-food-calculator,dog food calculator,dog food calculator,,domain,domain_pattern,calculate,tool,pet,dog food calculator; dog feeding calculator,verified,L2,Observed recurring demand family in Semrush US batch (13 matching unique keywords).,references/semrush-interest-scan-2026-08-22.md#dog-food-calculator,Semrush US interest-domain scan 2026-08-22,,2026-08-22,2026-08-22,
root-puppy-weight-calculator,puppy weight calculator,puppy weight calculator,,domain,domain_pattern,calculate,tool,pet,puppy weight calculator; puppy weight by breed,verified,L2,Observed recurring demand family in Semrush US batch (18 matching unique keywords).,references/semrush-interest-scan-2026-08-22.md#puppy-weight-calculator,Semrush US interest-domain scan 2026-08-22,,2026-08-22,2026-08-22,
root-type-calculator,type calculator,x type calculator,,domain,domain_pattern,calculate,tool,gaming,pokemon type calculator; type coverage calculator,verified,L2,Observed recurring demand family in Semrush US batch (10 matching unique keywords).,references/semrush-interest-scan-2026-08-22.md#type-calculator,Semrush US interest-domain scan 2026-08-22,,2026-08-22,2026-08-22,
root-astrology-compatibility,astrology compatibility,x astrology compatibility,,domain,domain_pattern,compare,informational,astrology;relationships,astrology compatibility; zodiac compatibility,verified,L2,Observed recurring demand family in Semrush US batch (7 matching unique keywords).,references/semrush-interest-scan-2026-08-22.md#astrology-compatibility,Semrush US interest-domain scan 2026-08-22,,2026-08-22,2026-08-22,
root-relationship-compatibility,relationship compatibility,x relationship compatibility,,domain,domain_pattern,compare,informational,relationships,relationship compatibility; zodiac relationship compatibility,verified,L2,Observed recurring demand family in Semrush US batch (26 matching unique keywords).,references/semrush-interest-scan-2026-08-22.md#relationship-compatibility,Semrush US interest-domain scan 2026-08-22,,2026-08-22,2026-08-22,
root-sats-to-usd,sats to usd,sats to usd,,domain,domain_pattern,convert,tool,bitcoin,sats to usd; satoshi to usd,verified,L2,Observed recurring demand family in Semrush US batch (22 matching unique keywords).,references/semrush-interest-scan-2026-08-22.md#sats-to-usd,Semrush US interest-domain scan 2026-08-22,,2026-08-22,2026-08-22,
root-personality-test,personality test,x personality test,,domain,domain_pattern,evaluate,interactive,identity;psychology,big five personality test; personality test,verified,L2,Observed recurring demand family in Semrush US batch (22 matching unique keywords).,references/semrush-interest-scan-2026-08-22.md#personality-test,Semrush US interest-domain scan 2026-08-22,,2026-08-22,2026-08-22,
root-pet-name,pet name,x pet name,,domain,domain_pattern,generate,tool,pet,pet name generator; dog name generator,verified,L2,Observed recurring demand family in Semrush US batch (21 matching unique keywords).,references/semrush-interest-scan-2026-08-22.md#pet-name,Semrush US interest-domain scan 2026-08-22,,2026-08-22,2026-08-22,
root-attachment-style,attachment style,x attachment style,,domain,domain_topic,identify,mixed,relationships;psychology,attachment style test; attachment style meaning,verified,L2,Observed recurring demand family in Semrush US batch (29 matching unique keywords).,references/semrush-interest-scan-2026-08-22.md#attachment-style,Semrush US interest-domain scan 2026-08-22,,2026-08-22,2026-08-22,
root-dog-breed,dog breed,x dog breed,,domain,domain_topic,identify,informational,pet,dog breed comparison; dog breed identifier,verified,L2,Observed recurring demand family in Semrush US batch (24 matching unique keywords).,references/semrush-interest-scan-2026-08-22.md#dog-breed,Semrush US interest-domain scan 2026-08-22,,2026-08-22,2026-08-22,
root-travel-itinerary,travel itinerary,x travel itinerary,,domain,domain_pattern,plan,mixed,travel,travel itinerary template; japan travel itinerary,verified,L2,Observed recurring demand family in Semrush US batch (27 matching unique keywords).,references/semrush-interest-scan-2026-08-22.md#travel-itinerary,Semrush US interest-domain scan 2026-08-22,,2026-08-22,2026-08-22,
root-trip-planner,trip planner,x trip planner,,domain,domain_pattern,plan,tool,travel,trip planner; road trip planner,verified,L2,Observed recurring demand family in Semrush US batch (30 matching unique keywords).,references/semrush-interest-scan-2026-08-22.md#trip-planner,Semrush US interest-domain scan 2026-08-22,,2026-08-22,2026-08-22,
root-bitcoin-halving,bitcoin halving,x bitcoin halving,,domain,domain_topic,time,informational,bitcoin,bitcoin halving countdown; next bitcoin halving,verified,L2,Observed recurring demand family in Semrush US batch (23 matching unique keywords).,references/semrush-interest-scan-2026-08-22.md#bitcoin-halving,Semrush US interest-domain scan 2026-08-22,,2026-08-22,2026-08-22,
root-stats-tracker,stats tracker,x stats tracker,,domain,domain_pattern,track,tool,gaming;sports,fortnite stats tracker; player stats tracker,verified,L2,Observed recurring demand family in Semrush US batch (12 matching unique keywords).,references/semrush-interest-scan-2026-08-22.md#stats-tracker,Semrush US interest-domain scan 2026-08-22,,2026-08-22,2026-08-22,
root-angel-number-meaning,angel number meaning,x angel number meaning,,domain,domain_pattern,understand,informational,spirituality;numerology,1111 angel number meaning; 999 angel number meaning,verified,L2,Observed recurring demand family in Semrush US batch (25 matching unique keywords).,references/semrush-interest-scan-2026-08-22.md#angel-number-meaning,Semrush US interest-domain scan 2026-08-22,,2026-08-22,2026-08-22,
root-cat-behavior,cat behavior,why does my cat x,,domain,domain_pattern,understand,informational,pet,cat behavior meaning; why does my cat knead me,verified,L2,Observed recurring demand family in Semrush US batch (20 matching unique keywords).,references/semrush-interest-scan-2026-08-22.md#cat-behavior,Semrush US interest-domain scan 2026-08-22,,2026-08-22,2026-08-22,
root-dream-about,dream about,dream about x,,domain,domain_pattern,understand,informational,dreams,dream about someone; dream about snakes,verified,L2,Observed recurring demand family in Semrush US batch (4 matching unique keywords).,references/semrush-interest-scan-2026-08-22.md#dream-about,Semrush US interest-domain scan 2026-08-22,,2026-08-22,2026-08-22,
root-dream-interpretation,dream interpretation,dream interpretation,,domain,domain_topic,understand,mixed,dreams,dream interpretation; online dream interpretation,verified,L2,Observed recurring demand family in Semrush US batch (9 matching unique keywords).,references/semrush-interest-scan-2026-08-22.md#dream-interpretation,Semrush US interest-domain scan 2026-08-22,,2026-08-22,2026-08-22,
root-dream-meaning,dream meaning,x dream meaning,,domain,domain_topic,understand,informational,dreams,snake dream meaning; fever dream meaning,verified,L2,Observed recurring demand family in Semrush US batch (13 matching unique keywords).,references/semrush-interest-scan-2026-08-22.md#dream-meaning,Semrush US interest-domain scan 2026-08-22,,2026-08-22,2026-08-22,
root-spiritual-meaning,spiritual meaning,x spiritual meaning,,domain,domain_pattern,understand,informational,spirituality,dragonfly spiritual meaning; ear ringing spiritual meaning,verified,L2,Observed recurring demand family in Semrush US batch (18 matching unique keywords).,references/semrush-interest-scan-2026-08-22.md#spiritual-meaning,Semrush US interest-domain scan 2026-08-22,,2026-08-22,2026-08-22,
root-tarot-card-meaning,tarot card meaning,x tarot card meaning,,domain,domain_pattern,understand,informational,tarot,the hanged man tarot card meaning,verified,L2,Observed recurring demand family in Semrush US batch (23 matching unique keywords).,references/semrush-interest-scan-2026-08-22.md#tarot-card-meaning,Semrush US interest-domain scan 2026-08-22,,2026-08-22,2026-08-22,
root-affordability,affordability,x affordability,,domain,domain_topic,calculate,commercial,finance;real_estate,home affordability calculator; rent affordability,candidate,L0,"Internal root hypothesis; requires published-source, keyword-tool, SERP, site-keyword, or monetization evidence before promotion.",,Root Library internal hypothesis,,2026-08-22,,
root-amortization,amortization,x amortization,,domain,domain_topic,calculate,commercial,finance;real_estate,amortization calculator; amortization schedule,candidate,L0,"Internal root hypothesis; requires published-source, keyword-tool, SERP, site-keyword, or monetization evidence before promotion.",,Root Library internal hypothesis,,2026-08-22,,
root-bakers-percentage,baker's percentage,baker's percentage,,domain,domain_topic,calculate,tool,baking,baker's percentage calculator; baker percentage,verified,L2,Observed as a recurring bread-formulation and calculation demand family across independent baking sites and calculator SERPs.,references/baking-fermentation-demand-evidence-2026-08-22.md#bakers-percentage,Root Library internal hypothesis | Baking/Fermentation SERP & site research 2026-08-22,https://breadtopia.com/sourdough-no-knead-bread/ | https://calculators.sg/bakers-percentage-calculator/ | https://loafmath.com/bakers-percentage-calculator/,2026-08-22,2026-08-22,
root-bitcoin-mining,bitcoin mining,x bitcoin mining,,domain,domain_topic,calculate,mixed,bitcoin,bitcoin mining calculator; bitcoin mining profitability calculator; calculate bitcoin mining profit,verified,L2,Observed recurring demand family in Semrush US batch (20 matching unique keywords).,references/semrush-interest-scan-2026-08-22.md#bitcoin-mining,Root Library internal hypothesis | Semrush US interest-domain scan 2026-08-22,,2026-08-22,2026-08-22,Promoted from internal hypothesis after recurring real-keyword evidence in the 2026-08-22 Semrush US batch.
root-bpm-calculator,bpm calculator,x bpm calculator,,domain,domain_pattern,calculate,tool,music,bpm calculator; tempo calculator,candidate,L0,"Internal root hypothesis; requires published-source, keyword-tool, SERP, site-keyword, or monetization evidence before promotion.",,Root Library internal hypothesis,,2026-08-22,,
root-caffeine-calculator,caffeine calculator,x caffeine calculator,,domain,domain_pattern,calculate,tool,coffee;food,coffee caffeine calculator; caffeine intake calculator,candidate,L0,"Internal root hypothesis; requires published-source, keyword-tool, SERP, site-keyword, or monetization evidence before promotion.",,Root Library internal hypothesis,,2026-08-22,,
root-coffee-ratio,coffee ratio,x coffee ratio,,domain,domain_topic,calculate,mixed,coffee,coffee ratio calculator; pour over coffee ratio,candidate,L0,"Internal root hypothesis; requires published-source, keyword-tool, SERP, site-keyword, or monetization evidence before promotion.",,Root Library internal hypothesis,,2026-08-22,,
root-coffee-to-water-ratio,coffee to water ratio,coffee to water ratio,,domain,domain_pattern,calculate,mixed,coffee,coffee to water ratio; french press ratio,candidate,L0,"Internal root hypothesis; requires published-source, keyword-tool, SERP, site-keyword, or monetization evidence before promotion.",,Root Library internal hypothesis,,2026-08-22,,
root-crafting-calculator,crafting calculator,x crafting calculator,,domain,domain_pattern,calculate,tool,gaming,minecraft crafting calculator; crafting calculator,candidate,L0,"Internal root hypothesis; requires published-source, keyword-tool, SERP, site-keyword, or monetization evidence before promotion.",,Root Library internal hypothesis,,2026-08-22,,
root-damage-calculator,damage calculator,x damage calculator,,domain,domain_pattern,calculate,tool,gaming,damage calculator; game damage calculator,candidate,L0,"Internal root hypothesis; requires published-source, keyword-tool, SERP, site-keyword, or monetization evidence before promotion.",,Root Library internal hypothesis,,2026-08-22,,
root-espresso-ratio,espresso ratio,x espresso ratio,,domain,domain_topic,calculate,mixed,coffee,espresso ratio; espresso brew ratio,candidate,L0,"Internal root hypothesis; requires published-source, keyword-tool, SERP, site-keyword, or monetization evidence before promotion.",,Root Library internal hypothesis,,2026-08-22,,
root-hydration-calculator,hydration calculator,x hydration calculator,,domain,domain_pattern,calculate,tool,baking,bread hydration calculator; sourdough hydration calculator,verified,L2,Observed as a repeated sourdough/bread calculation demand family across independent calculator implementations.,references/baking-fermentation-demand-evidence-2026-08-22.md#hydration-calculator,Root Library internal hypothesis | Baking/Fermentation SERP & site research 2026-08-22,https://www.sourdoughforge.com/en/tools/sourdough-hydration-calculator | https://sourdoughhydration.com/ | https://www.theperfectloaf.com/starter-and-levain-calculator/,2026-08-22,2026-08-22,
root-interest,interest,x interest,,domain,domain_topic,calculate,commercial,finance,interest calculator; compound interest,candidate,L0,"Internal root hypothesis; requires published-source, keyword-tool, SERP, site-keyword, or monetization evidence before promotion.",,Root Library internal hypothesis,,2026-08-22,,
root-mortgage,mortgage,x mortgage,,domain,domain_topic,calculate,commercial,finance;real_estate,mortgage calculator; mortgage rates,candidate,L0,"Internal root hypothesis; requires published-source, keyword-tool, SERP, site-keyword, or monetization evidence before promotion.",,Root Library internal hypothesis,,2026-08-22,,
root-recipe-scaler,recipe scaler,recipe scaler,,domain,domain_pattern,calculate,tool,food;baking,recipe scaler; recipe scaling calculator,verified,L2,Observed as a recurring recipe-scaling tool demand across independent baking/cooking sites.,references/baking-fermentation-demand-evidence-2026-08-22.md#recipe-scaler,Root Library internal hypothesis | Baking/Fermentation SERP & site research 2026-08-22,https://recipescalculator.com/ | https://www.awesomecuisine.com/food-calculators/baking-recipe-scaling-calculator/,2026-08-22,2026-08-22,
root-relationship-calculator,relationship calculator,x relationship calculator,,domain,domain_pattern,calculate,tool,genealogy;relationships,cousin relationship calculator; family relationship calculator,candidate,L0,"Internal root hypothesis; requires published-source, keyword-tool, SERP, site-keyword, or monetization evidence before promotion.",,Root Library internal hypothesis,,2026-08-22,,
root-retirement,retirement,x retirement,,domain,domain_topic,calculate,commercial,finance,retirement calculator; retirement income,candidate,L0,"Internal root hypothesis; requires published-source, keyword-tool, SERP, site-keyword, or monetization evidence before promotion.",,Root Library internal hypothesis,,2026-08-22,,
root-sourdough-calculator,sourdough calculator,sourdough calculator,,domain,domain_pattern,calculate,tool,baking,sourdough calculator; sourdough hydration calculator,candidate,L0,"Internal root hypothesis; requires published-source, keyword-tool, SERP, site-keyword, or monetization evidence before promotion.",,Root Library internal hypothesis,,2026-08-22,,
root-tax,tax,x tax,,domain,domain_topic,calculate,commercial,finance,tax calculator; tax brackets,candidate,L0,"Internal root hypothesis; requires published-source, keyword-tool, SERP, site-keyword, or monetization evidence before promotion.",,Root Library internal hypothesis,,2026-08-22,,
root-travel-budget,travel budget,x travel budget,,domain,domain_pattern,calculate,tool,travel,travel budget calculator; calculate travel budget; japan travel budget calculator,verified,L2,Observed recurring demand family in Semrush US batch (18 matching unique keywords).,references/semrush-interest-scan-2026-08-22.md#travel-budget,Root Library internal hypothesis | Semrush US interest-domain scan 2026-08-22,,2026-08-22,2026-08-22,Promoted from internal hypothesis after recurring real-keyword evidence in the 2026-08-22 Semrush US batch.
root-wedding-alcohol-calculator,wedding alcohol calculator,wedding alcohol calculator,,domain,domain_pattern,calculate,tool,wedding,wedding alcohol calculator; drink calculator wedding,candidate,L0,"Internal root hypothesis; requires published-source, keyword-tool, SERP, site-keyword, or monetization evidence before promotion.",,Root Library internal hypothesis,,2026-08-22,,
root-toxic-foods-for-dogs,toxic foods for dogs,is x toxic to dogs,,domain,domain_pattern,check,informational,pet,is chocolate toxic to dogs; toxic foods for dogs,candidate,L0,"Internal root hypothesis; requires published-source, keyword-tool, SERP, site-keyword, or monetization evidence before promotion.",,Root Library internal hypothesis,,2026-08-22,,
root-perfume-dupes,perfume dupes,x perfume dupes,,domain,domain_pattern,compare,commercial,fragrance,perfume dupes; fragrance dupes,candidate,L0,"Internal root hypothesis; requires published-source, keyword-tool, SERP, site-keyword, or monetization evidence before promotion.",,Root Library internal hypothesis,,2026-08-22,,
root-perfumes-similar-to,perfumes similar to,perfumes similar to x,,domain,domain_pattern,compare,commercial,fragrance,perfumes similar to sauvage; fragrances similar to x,candidate,L0,"Internal root hypothesis; requires published-source, keyword-tool, SERP, site-keyword, or monetization evidence before promotion.",,Root Library internal hypothesis,,2026-08-22,,
root-rent-vs-buy,rent vs buy,rent vs buy,,domain,domain_pattern,compare,commercial,real_estate;finance,rent vs buy calculator; rent vs buy,candidate,L0,"Internal root hypothesis; requires published-source, keyword-tool, SERP, site-keyword, or monetization evidence before promotion.",,Root Library internal hypothesis,,2026-08-22,,
root-pan-conversion,pan conversion,x pan conversion,,domain,domain_pattern,convert,tool,baking,cake pan conversion; baking pan converter,verified,L2,Observed as a repeated recipe-to-pan conversion demand across editorial content and dedicated calculators.,references/baking-fermentation-demand-evidence-2026-08-22.md#pan-conversion,Root Library internal hypothesis | Baking/Fermentation SERP & site research 2026-08-22,https://www.seriouseats.com/how-to-resize-cake-recipes-to-fit-any-pan | https://sugarpursuit.com/cake-pan-conversion-calculator/ | https://www.iseekfriend.com/tool/cake-pan-conversion-calculator/,2026-08-22,2026-08-22,
root-transpose,transpose,x transpose,,domain,domain_pattern,convert,tool,music,transpose chords; song transpose,candidate,L0,"Internal root hypothesis; requires published-source, keyword-tool, SERP, site-keyword, or monetization evidence before promotion.",,Root Library internal hypothesis,,2026-08-22,,
root-cover-letter,cover letter,x cover letter,,domain,domain_topic,create,commercial,careers;documents,cover letter generator; cover letter examples,candidate,L0,"Internal root hypothesis; requires published-source, keyword-tool, SERP, site-keyword, or monetization evidence before promotion.",,Root Library internal hypothesis,,2026-08-22,,
root-invoice,invoice,x invoice,,domain,domain_topic,create,commercial,business;documents,invoice generator; invoice template,candidate,L0,"Internal root hypothesis; requires published-source, keyword-tool, SERP, site-keyword, or monetization evidence before promotion.",,Root Library internal hypothesis,,2026-08-22,,
root-proposal,proposal,x proposal,,domain,domain_topic,create,commercial,business;documents,proposal template; proposal generator,candidate,L0,"Internal root hypothesis; requires published-source, keyword-tool, SERP, site-keyword, or monetization evidence before promotion.",,Root Library internal hypothesis,,2026-08-22,,
root-receipt,receipt,x receipt,,domain,domain_topic,create,commercial,business;documents,receipt generator; receipt template,candidate,L0,"Internal root hypothesis; requires published-source, keyword-tool, SERP, site-keyword, or monetization evidence before promotion.",,Root Library internal hypothesis,,2026-08-22,,
root-resume,resume,x resume,,domain,domain_topic,create,commercial,careers;documents,resume builder; resume examples,candidate,L0,"Internal root hypothesis; requires published-source, keyword-tool, SERP, site-keyword, or monetization evidence before promotion.",,Root Library internal hypothesis,,2026-08-22,,
root-fragrance-by-season,fragrance by season,x fragrance for season,,domain,domain_pattern,decide,commercial,fragrance,best fragrance for summer; winter perfume,candidate,L0,"Internal root hypothesis; requires published-source, keyword-tool, SERP, site-keyword, or monetization evidence before promotion.",,Root Library internal hypothesis,,2026-08-22,,
root-day-trips-from,day trips from,day trips from x,,domain,domain_pattern,discover,informational,travel,day trips from tokyo; day trips from london,candidate,L0,"Internal root hypothesis; requires published-source, keyword-tool, SERP, site-keyword, or monetization evidence before promotion.",,Root Library internal hypothesis,,2026-08-22,,
root-interactive-map-gaming,interactive map gaming,x game interactive map,,domain,domain_pattern,discover,tool,gaming,elden ring interactive map; game interactive map,candidate,L0,"Internal root hypothesis; requires published-source, keyword-tool, SERP, site-keyword, or monetization evidence before promotion.",,Root Library internal hypothesis,,2026-08-22,,
root-night-sky-map,night sky map,night sky map,,domain,domain_pattern,discover,tool,astronomy,night sky map; interactive night sky map,candidate,L0,"Internal root hypothesis; requires published-source, keyword-tool, SERP, site-keyword, or monetization evidence before promotion.",,Root Library internal hypothesis,,2026-08-22,,
root-dna-relationship,dna relationship,x dna relationship,,domain,domain_topic,estimate,informational,genealogy,dna relationship chart; dna relationship estimator,candidate,L0,"Internal root hypothesis; requires published-source, keyword-tool, SERP, site-keyword, or monetization evidence before promotion.",,Root Library internal hypothesis,,2026-08-22,,
root-fragrance-longevity,fragrance longevity,x fragrance longevity,,domain,domain_topic,evaluate,informational,fragrance,perfume longevity; fragrance longevity,candidate,L0,"Internal root hypothesis; requires published-source, keyword-tool, SERP, site-keyword, or monetization evidence before promotion.",,Root Library internal hypothesis,,2026-08-22,,
root-chord-finder,chord finder,x chord finder,,domain,domain_pattern,find,tool,music,guitar chord finder; piano chord finder,candidate,L0,"Internal root hypothesis; requires published-source, keyword-tool, SERP, site-keyword, or monetization evidence before promotion.",,Root Library internal hypothesis,,2026-08-22,,
root-constellation-finder,constellation finder,x constellation finder,,domain,domain_pattern,find,tool,astronomy,constellation finder; star finder,candidate,L0,"Internal root hypothesis; requires published-source, keyword-tool, SERP, site-keyword, or monetization evidence before promotion.",,Root Library internal hypothesis,,2026-08-22,,
root-perfume-finder,perfume finder,x perfume finder,,domain,domain_pattern,find,tool,fragrance,perfume finder; fragrance finder quiz,candidate,L0,"Internal root hypothesis; requires published-source, keyword-tool, SERP, site-keyword, or monetization evidence before promotion.",,Root Library internal hypothesis,,2026-08-22,,
root-scale-finder,scale finder,x scale finder,,domain,domain_pattern,find,tool,music,guitar scale finder; piano scale finder,candidate,L0,"Internal root hypothesis; requires published-source, keyword-tool, SERP, site-keyword, or monetization evidence before promotion.",,Root Library internal hypothesis,,2026-08-22,,
root-chord-progression,chord progression,x chord progression,,domain,domain_topic,generate,mixed,music,chord progression generator; chord progression ideas,candidate,L0,"Internal root hypothesis; requires published-source, keyword-tool, SERP, site-keyword, or monetization evidence before promotion.",,Root Library internal hypothesis,,2026-08-22,,
root-wedding-vows,wedding vows,x wedding vows,,domain,domain_topic,generate,informational,wedding,wedding vows examples; vow generator,verified,L2,Observed wedding-vow writing as a recurring ceremony-planning demand across The Knot and Zola.,references/wedding-demand-evidence-2026-08-22.md#wedding-vows,Root Library internal hypothesis | Wedding cross-domain SERP/site audit 2026-08-22,https://www.theknot.com/wedding-planning | https://www.zola.com/expert-advice/your-ultimate-wedding-planning-checklist,2026-08-22,2026-08-22,
root-key-finder,key finder,x key finder,,domain,domain_pattern,identify,tool,music,song key finder; key finder music,candidate,L0,"Internal root hypothesis; requires published-source, keyword-tool, SERP, site-keyword, or monetization evidence before promotion.",,Root Library internal hypothesis,,2026-08-22,,
root-love-language,love language,x love language,,domain,domain_topic,identify,interactive,relationships,love language test; love language quiz,candidate,L0,"Internal root hypothesis; requires published-source, keyword-tool, SERP, site-keyword, or monetization evidence before promotion.",,Root Library internal hypothesis,,2026-08-22,,
root-personality-type,personality type,x personality type,,domain,domain_pattern,identify,informational,identity;psychology,personality type test; personality types,candidate,L0,"Internal root hypothesis; requires published-source, keyword-tool, SERP, site-keyword, or monetization evidence before promotion.",,Root Library internal hypothesis,,2026-08-22,,
root-tarot-reading,tarot reading,x tarot reading,,domain,domain_topic,interpret,mixed,tarot,free tarot reading; love tarot reading,candidate,L0,"Internal root hypothesis; requires published-source, keyword-tool, SERP, site-keyword, or monetization evidence before promotion.",,Root Library internal hypothesis,,2026-08-22,,
root-dog-training,dog training,x dog training,,domain,domain_topic,learn,informational,pet,dog training guide; puppy training schedule,candidate,L0,"Internal root hypothesis; requires published-source, keyword-tool, SERP, site-keyword, or monetization evidence before promotion.",,Root Library internal hypothesis,,2026-08-22,,
root-quest-guide,quest guide,x quest guide,,domain,domain_pattern,learn,informational,gaming,quest guide; game quest walkthrough,candidate,L0,"Internal root hypothesis; requires published-source, keyword-tool, SERP, site-keyword, or monetization evidence before promotion.",,Root Library internal hypothesis,,2026-08-22,,
root-ancestor-lookup,ancestor lookup,x ancestor lookup,,domain,domain_pattern,lookup,tool,genealogy,ancestor lookup; genealogy record lookup,candidate,L0,"Internal root hypothesis; requires published-source, keyword-tool, SERP, site-keyword, or monetization evidence before promotion.",,Root Library internal hypothesis,,2026-08-22,,
root-bitcoin-address-lookup,bitcoin address lookup,bitcoin address lookup,,domain,domain_pattern,lookup,tool,bitcoin,bitcoin address lookup; btc address lookup,candidate,L0,"Internal root hypothesis; requires published-source, keyword-tool, SERP, site-keyword, or monetization evidence before promotion.",,Root Library internal hypothesis,,2026-08-22,,
root-bitcoin-price-history,bitcoin price history,bitcoin price on x,,domain,domain_pattern,lookup,informational,bitcoin,bitcoin price on date; bitcoin historical price,candidate,L0,"Internal root hypothesis; requires published-source, keyword-tool, SERP, site-keyword, or monetization evidence before promotion.",,Root Library internal hypothesis,,2026-08-22,,
root-bitcoin-transaction-lookup,bitcoin transaction lookup,bitcoin transaction lookup,,domain,domain_pattern,lookup,tool,bitcoin,bitcoin transaction lookup; transaction id lookup,candidate,L0,"Internal root hypothesis; requires published-source, keyword-tool, SERP, site-keyword, or monetization evidence before promotion.",,Root Library internal hypothesis,,2026-08-22,,
root-grind-size,grind size,x grind size,,domain,domain_topic,lookup,informational,coffee,coffee grind size; espresso grind size,candidate,L0,"Internal root hypothesis; requires published-source, keyword-tool, SERP, site-keyword, or monetization evidence before promotion.",,Root Library internal hypothesis,,2026-08-22,,
root-item-database,item database,x item database,,domain,domain_pattern,lookup,resource,gaming,game item database; weapon database,candidate,L0,"Internal root hypothesis; requires published-source, keyword-tool, SERP, site-keyword, or monetization evidence before promotion.",,Root Library internal hypothesis,,2026-08-22,,
root-moon-phase,moon phase,x moon phase,,domain,domain_topic,lookup,tool,astronomy,moon phase today; moon phase calculator,candidate,L0,"Internal root hypothesis; requires published-source, keyword-tool, SERP, site-keyword, or monetization evidence before promotion.",,Root Library internal hypothesis,,2026-08-22,,
root-perfume-notes,perfume notes,x perfume notes,,domain,domain_topic,lookup,informational,fragrance,perfume notes; fragrance notes,candidate,L0,"Internal root hypothesis; requires published-source, keyword-tool, SERP, site-keyword, or monetization evidence before promotion.",,Root Library internal hypothesis,,2026-08-22,,
root-planets-visible-tonight,planets visible tonight,planets visible tonight,,domain,domain_pattern,lookup,informational,astronomy,what planets are visible tonight,candidate,L0,"Internal root hypothesis; requires published-source, keyword-tool, SERP, site-keyword, or monetization evidence before promotion.",,Root Library internal hypothesis,,2026-08-22,,
root-visa-requirements,visa requirements,x visa requirements,,domain,domain_pattern,lookup,informational,travel;immigration,japan visa requirements; schengen visa requirements,candidate,L0,"Internal root hypothesis; requires published-source, keyword-tool, SERP, site-keyword, or monetization evidence before promotion.",,Root Library internal hypothesis,,2026-08-22,,
root-vocal-range,vocal range,x vocal range,,domain,domain_topic,measure,tool,music,vocal range test; vocal range calculator,candidate,L0,"Internal root hypothesis; requires published-source, keyword-tool, SERP, site-keyword, or monetization evidence before promotion.",,Root Library internal hypothesis,,2026-08-22,,
root-family-tree,family tree,x family tree,,domain,domain_topic,organize,tool,genealogy,family tree maker; family tree template,candidate,L0,"Internal root hypothesis; requires published-source, keyword-tool, SERP, site-keyword, or monetization evidence before promotion.",,Root Library internal hypothesis,,2026-08-22,,
root-guest-list,guest list,x guest list,,domain,domain_topic,organize,tool,wedding;events,wedding guest list; guest list manager,verified,L2,"Observed guest-list management as a recurring wedding planning job across The Knot, WeddingWire, and Zola.",references/wedding-demand-evidence-2026-08-22.md#guest-list,Root Library internal hypothesis | Wedding cross-domain SERP/site audit 2026-08-22,https://www.theknot.com/content/wedding-planning-spreadsheet | https://www.weddingwire.com/wedding-planning.html | https://www.zola.com/expert-advice/your-ultimate-wedding-planning-checklist,2026-08-22,2026-08-22,
root-seating-chart,seating chart,x seating chart,,domain,domain_topic,organize,tool,wedding;events,wedding seating chart; seating chart maker,verified,L2,"Observed seating-chart creation as a recurring wedding planning job across WeddingWire, The Knot, and Zola.",references/wedding-demand-evidence-2026-08-22.md#seating-chart,Root Library internal hypothesis | Wedding cross-domain SERP/site audit 2026-08-22,https://www.weddingwire.com/wedding-planning/wedding-seating-tables.html | https://www.theknot.com/content/12-month-wedding-planning-countdown | https://www.zola.com/expert-advice/your-ultimate-wedding-planning-checklist,2026-08-22,2026-08-22,
root-timesheet,timesheet,x timesheet,,domain,domain_topic,organize,commercial,business;hr,timesheet template; timesheet calculator,candidate,L0,"Internal root hypothesis; requires published-source, keyword-tool, SERP, site-keyword, or monetization evidence before promotion.",,Root Library internal hypothesis,,2026-08-22,,
root-wedding-budget,wedding budget,x wedding budget,,domain,domain_topic,plan,mixed,wedding,wedding budget calculator; wedding budget template,verified,L2,"Observed recurring wedding-budget demand/tools across The Knot, WeddingWire, and Zola.",references/wedding-demand-evidence-2026-08-22.md#wedding-budget,Root Library internal hypothesis | Wedding cross-domain SERP/site audit 2026-08-22,https://www.theknot.com/content/wedding-planning-spreadsheet | https://www.weddingwire.com/wedding-planning.html | https://www.zola.com/expert-advice/your-ultimate-wedding-planning-checklist,2026-08-22,2026-08-22,
root-wedding-checklist,wedding checklist,x wedding checklist,,domain,domain_pattern,plan,resource,wedding,wedding checklist; wedding planning checklist,verified,L2,"Observed dedicated wedding-planning checklist demand across The Knot, WeddingWire, and Zola.",references/wedding-demand-evidence-2026-08-22.md#wedding-checklist,Root Library internal hypothesis | Wedding cross-domain SERP/site audit 2026-08-22,https://www.theknot.com/wedding-checklist | https://www.weddingwire.com/wedding-checklists.html | https://www.zola.com/expert-advice/your-ultimate-wedding-planning-checklist,2026-08-22,2026-08-22,
root-wedding-timeline,wedding timeline,x wedding timeline,,domain,domain_pattern,plan,resource,wedding,wedding day timeline; wedding planning timeline,verified,L2,Observed recurring month-by-month wedding timeline/planning demand across The Knot and Zola.,references/wedding-demand-evidence-2026-08-22.md#wedding-timeline,Root Library internal hypothesis | Wedding cross-domain SERP/site audit 2026-08-22,https://www.theknot.com/content/12-month-wedding-planning-countdown | https://www.zola.com/expert-advice/your-ultimate-wedding-planning-checklist,2026-08-22,2026-08-22,
root-closing-costs,closing costs,x closing costs,,domain,domain_topic,price,commercial,real_estate,closing cost calculator; average closing costs,candidate,L0,"Internal root hypothesis; requires published-source, keyword-tool, SERP, site-keyword, or monetization evidence before promotion.",,Root Library internal hypothesis,,2026-08-22,,
root-travel-cost,travel cost,x travel cost,,domain,domain_pattern,price,commercial,travel,japan trip cost; iceland travel cost,candidate,L0,"Internal root hypothesis; requires published-source, keyword-tool, SERP, site-keyword, or monetization evidence before promotion.",,Root Library internal hypothesis,,2026-08-22,,
root-relationship-questions,relationship questions,x relationship questions,,domain,domain_pattern,relationship,interactive,relationships,relationship questions; questions for couples,candidate,L0,"Internal root hypothesis; requires published-source, keyword-tool, SERP, site-keyword, or monetization evidence before promotion.",,Root Library internal hypothesis,,2026-08-22,,
root-brew-time,brew time,x brew time,,domain,domain_topic,time,informational,coffee,cold brew time; pour over brew time,candidate,L0,"Internal root hypothesis; requires published-source, keyword-tool, SERP, site-keyword, or monetization evidence before promotion.",,Root Library internal hypothesis,,2026-08-22,,
root-meteor-shower-calendar,meteor shower calendar,meteor shower calendar,,domain,domain_pattern,time,resource,astronomy,meteor shower calendar; meteor showers tonight,candidate,L0,"Internal root hypothesis; requires published-source, keyword-tool, SERP, site-keyword, or monetization evidence before promotion.",,Root Library internal hypothesis,,2026-08-22,,
root-proofing-time,proofing time,x proofing time,,domain,domain_topic,time,informational,baking,bread proofing time; sourdough proofing time,verified,L2,Observed repeatedly in real sourdough schedules and bread recipes as a distinct timing problem affected by temperature and dough state.,references/baking-fermentation-demand-evidence-2026-08-22.md#proofing-time,Root Library internal hypothesis | Baking/Fermentation SERP & site research 2026-08-22,https://www.kingarthurbaking.com/blog/2026/05/20/sourdough-starter-feeding-schedule | https://breadtopia.com/whole-grain-kamut-sourdough-bread/,2026-08-22,2026-08-22,
root-weather-in,weather in,weather in x month,,domain,domain_pattern,time,informational,travel,weather in japan in october,candidate,L0,"Internal root hypothesis; requires published-source, keyword-tool, SERP, site-keyword, or monetization evidence before promotion.",,Root Library internal hypothesis,,2026-08-22,,
root-hashrate,hashrate,x hashrate,,domain,domain_topic,track,informational,bitcoin;mining,bitcoin hashrate chart; hashrate calculator,candidate,L0,"Internal root hypothesis; requires published-source, keyword-tool, SERP, site-keyword, or monetization evidence before promotion.",,Root Library internal hypothesis,,2026-08-22,,
root-mempool,mempool,x mempool,,domain,domain_topic,track,tool,bitcoin,bitcoin mempool tracker; mempool fees,candidate,L0,"Internal root hypothesis; requires published-source, keyword-tool, SERP, site-keyword, or monetization evidence before promotion.",,Root Library internal hypothesis,,2026-08-22,,
root-birth-chart,birth chart,x birth chart,,domain,domain_topic,understand,mixed,astrology,birth chart calculator; birth chart meaning,candidate,L0,"Internal root hypothesis; requires published-source, keyword-tool, SERP, site-keyword, or monetization evidence before promotion.",,Root Library internal hypothesis,,2026-08-22,,
root-moon-sign,moon sign,x moon sign,,domain,domain_topic,understand,mixed,astrology,moon sign calculator; moon sign meaning,candidate,L0,"Internal root hypothesis; requires published-source, keyword-tool, SERP, site-keyword, or monetization evidence before promotion.",,Root Library internal hypothesis,,2026-08-22,,
root-nightmare-meaning,nightmare meaning,x nightmare meaning,,domain,domain_pattern,understand,informational,dreams,nightmare meaning; falling nightmare meaning,candidate,L0,"Internal root hypothesis; requires published-source, keyword-tool, SERP, site-keyword, or monetization evidence before promotion.",,Root Library internal hypothesis,,2026-08-22,,
root-numerology,numerology,x numerology,,domain,domain_topic,understand,mixed,numerology,numerology calculator; life path number,candidate,L0,"Internal root hypothesis; requires published-source, keyword-tool, SERP, site-keyword, or monetization evidence before promotion.",,Root Library internal hypothesis,,2026-08-22,,
root-recurring-dream,recurring dream,recurring dream x,,domain,domain_pattern,understand,informational,dreams,recurring dream meaning; recurring nightmare,candidate,L0,"Internal root hypothesis; requires published-source, keyword-tool, SERP, site-keyword, or monetization evidence before promotion.",,Root Library internal hypothesis,,2026-08-22,,
root-itinerary-planner,itinerary planner,x itinerary planner,,domain,domain_pattern,plan,tool,travel,itinerary planner; travel itinerary planner; trip itinerary planner,verified,L2,Observed recurring demand family in Semrush US batch (26 matching unique keywords).,references/semrush-interest-scan-2026-08-22.md#itinerary-planner,Semrush US interest-domain scan 2026-08-22,,2026-08-22,2026-08-22,Added by research-loop feedback after recurring pattern review.
root-wedding-website,wedding website,wedding website x,,domain,domain_topic,manage,mixed,wedding,wedding website; wedding website examples; wedding website faq; wedding website wording,verified,L2,"Observed wedding websites as a first-class planning/guest-communication demand across The Knot, WeddingWire, and Zola.",references/wedding-demand-evidence-2026-08-22.md#wedding-website,Wedding cross-domain SERP/site audit 2026-08-22,https://www.theknot.com/wedding-planning | https://www.weddingwire.com/wedding-planning.html | https://www.zola.com/expert-advice/your-ultimate-wedding-planning-checklist,2026-08-22,2026-08-22,Wedding-domain root verified from recurring SERP/site evidence; downstream keyword opportunity remains unvalidated.
root-wedding-registry,wedding registry,wedding registry x,,domain,domain_topic,organize,mixed,wedding,wedding registry; wedding registry checklist; wedding registry ideas,verified,L2,Observed wedding-registry creation/management as a recurring wedding planning demand across The Knot and Zola.,references/wedding-demand-evidence-2026-08-22.md#wedding-registry,Wedding cross-domain SERP/site audit 2026-08-22,https://www.theknot.com/wedding-planning | https://www.zola.com/expert-advice/your-ultimate-wedding-planning-checklist,2026-08-22,2026-08-22,Wedding-domain root verified from recurring SERP/site evidence; downstream keyword opportunity remains unvalidated.
root-wedding-venue,wedding venue,wedding venue x,,domain,domain_topic,find,commercial,wedding,wedding venue; wedding venue finder; wedding venue checklist; wedding venue cost,verified,L2,"Observed venue discovery/comparison/booking as a recurring wedding demand across The Knot, WeddingWire, and Zola.",references/wedding-demand-evidence-2026-08-22.md#wedding-venue,Wedding cross-domain SERP/site audit 2026-08-22,https://www.theknot.com/wedding-planning | https://www.weddingwire.com/wedding-planning.html | https://www.zola.com/expert-advice/your-ultimate-wedding-planning-checklist,2026-08-22,2026-08-22,Wedding-domain root verified from recurring SERP/site evidence; downstream keyword opportunity remains unvalidated.
root-wedding-vendor,wedding vendor,wedding vendor x,wedding vendors,domain,domain_topic,find,commercial,wedding,wedding vendor; wedding vendor checklist; wedding vendor questions; wedding vendor manager,verified,L2,"Observed vendor discovery/management as a recurring wedding demand across The Knot, WeddingWire, and Zola.",references/wedding-demand-evidence-2026-08-22.md#wedding-vendor,Wedding cross-domain SERP/site audit 2026-08-22,https://www.theknot.com/wedding-planning | https://www.weddingwire.com/wedding-planning.html | https://www.zola.com/expert-advice/your-ultimate-wedding-planning-checklist,2026-08-22,2026-08-22,Wedding-domain root verified from recurring SERP/site evidence; downstream keyword opportunity remains unvalidated.
root-wedding-rsvp,wedding rsvp,wedding rsvp x,,domain,domain_pattern,manage,mixed,wedding,wedding rsvp; wedding rsvp wording; wedding rsvp reminder; online wedding rsvp,verified,L2,"Observed recurring RSVP wording/reminder/online-response demand across The Knot, Zola, and WeddingWire planning workflows.",references/wedding-demand-evidence-2026-08-22.md#wedding-rsvp,Wedding cross-domain SERP/site audit 2026-08-22,https://www.theknot.com/content/wedding-rsvp-wording-ideas | https://www.theknot.com/content/reminding-wedding-guests-to-rsvp | https://www.zola.com/expert-advice/a-guide-to-wedding-invitation-rsvps | https://www.weddingwire.com/wedding-planning.html,2026-08-22,2026-08-22,Wedding-domain root verified from recurring SERP/site evidence; downstream keyword opportunity remains unvalidated.
root-wedding-invitation-wording,wedding invitation wording,wedding invitation wording x,,domain,content_pattern,content,informational,wedding,wedding invitation wording; formal wedding invitation wording; casual wedding invitation wording; wedding invitation wording examples,verified,L2,"Observed dedicated invitation-wording demand across The Knot, Zola, and Greenvelope.",references/wedding-demand-evidence-2026-08-22.md#wedding-invitation-wording,Wedding cross-domain SERP/site audit 2026-08-22,https://www.theknot.com/content/standard-wedding-invitation-wording-examples | https://www.zola.com/expert-advice/how-to-word-wedding-invitations | https://www.greenvelope.com/resources/wedding-invitation-wording,2026-08-22,2026-08-22,Wedding-domain root verified from recurring SERP/site evidence; downstream keyword opportunity remains unvalidated.
root-wedding-dress-code,wedding dress code,wedding dress code x,,domain,content_pattern,understand,informational,wedding,wedding dress code; wedding dress code wording; wedding website dress code; wedding invitation dress code wording,verified,L2,Observed recurring wedding dress-code wording/guest-guidance demand in The Knot and Greenvelope invitation/website guidance.,references/wedding-demand-evidence-2026-08-22.md#wedding-dress-code,Wedding cross-domain SERP/site audit 2026-08-22,https://www.theknot.com/content/wedding-website-dress-code | https://www.greenvelope.com/resources/wedding-invitation-wording,2026-08-22,2026-08-22,Wedding-domain root verified from recurring SERP/site evidence; downstream keyword opportunity remains unvalidated.
root-sourdough-starter,sourdough starter,sourdough starter,,domain,domain_topic,learn,informational,baking;fermentation,sourdough starter recipe; how to feed sourdough starter; sourdough starter maintenance,verified,L2,"Observed as a recurring demand family across King Arthur Baking and Breadtopia starter creation, feeding, readiness, and maintenance resources.",references/baking-fermentation-demand-evidence-2026-08-22.md#sourdough-starter,Baking/Fermentation SERP & site research 2026-08-22,https://www.kingarthurbaking.com/recipes/sourdough-starter-recipe | https://breadtopia.com/how-to-make-a-sourdough-starter/,2026-08-22,2026-08-22,Root validation only; downstream SEO opportunity remains unvalidated.
root-starter-feeding-ratio,starter feeding ratio,sourdough starter feeding ratio,sourdough feeding ratio,domain,domain_pattern,calculate,mixed,baking;fermentation,sourdough feeding ratio; starter feeding ratio 1:1:1; sourdough starter ratio,verified,L2,"Observed as a recurring starter-management demand across King Arthur Baking, Breadtopia, and The Perfect Loaf.",references/baking-fermentation-demand-evidence-2026-08-22.md#starter-feeding-ratio,Baking/Fermentation SERP & site research 2026-08-22,https://www.kingarthurbaking.com/blog/2025/03/13/sourdough-feeding-ratios | https://breadtopia.com/how-to-make-a-sourdough-starter/ | https://www.theperfectloaf.com/starter-and-levain-calculator/,2026-08-22,2026-08-22,Root validation only; downstream SEO opportunity remains unvalidated.
root-bulk-fermentation,bulk fermentation,sourdough bulk fermentation,sourdough bulk fermentation,domain,domain_topic,time,informational,baking;fermentation,bulk fermentation; bulk fermentation time; how long to bulk ferment sourdough,verified,L2,"Observed as a distinct recurring sourdough stage with timing, temperature, rise, and troubleshooting subqueries across major baking resources and dedicated tools.",references/baking-fermentation-demand-evidence-2026-08-22.md#bulk-fermentation,Baking/Fermentation SERP & site research 2026-08-22,https://www.kingarthurbaking.com/blog/2026/05/20/sourdough-starter-feeding-schedule | https://breadtopia.com/whole-grain-kamut-sourdough-bread/ | https://www.fermentcalculator.com/sourdough/bulk-fermentation-guide,2026-08-22,2026-08-22,Root validation only; downstream SEO opportunity remains unvalidated.
root-bulk-fermentation-calculator,bulk fermentation calculator,sourdough bulk fermentation calculator,sourdough bulk fermentation calculator,domain,domain_pattern,calculate,tool,baking;fermentation,bulk fermentation calculator; sourdough bulk fermentation calculator; bulk ferment calculator,verified,L2,Observed as a repeated dedicated tool pattern across multiple independent sourdough calculator sites.,references/baking-fermentation-demand-evidence-2026-08-22.md#bulk-fermentation-calculator,Baking/Fermentation SERP & site research 2026-08-22,https://crumbdesk.com/bulk-fermentation-calculator/ | https://sourdoughstarter.com/pages/sourdough-bulk-fermentation-calculator | https://www.fermentcalculator.com/sourdough/bulk-fermentation-calculator,2026-08-22,2026-08-22,Root validation only; downstream SEO opportunity remains unvalidated.
root-fermentation-time-calculator,fermentation time calculator,fermentation time calculator,fermentation timing calculator,domain,domain_pattern,calculate,tool,fermentation;baking;drinks;food,fermentation time calculator; sourdough fermentation calculator; bread fermentation time calculator,verified,L2,Observed across independent calculators for sourdough/bread and broader fermentation timing problems.,references/baking-fermentation-demand-evidence-2026-08-22.md#fermentation-time-calculator,Baking/Fermentation SERP & site research 2026-08-22,https://miniwebtool.com/fermentation-time-calculator/ | https://bakersmath.co/fermentation-calculator | https://sdtimer.com/sourdough-fermentation-calculator,2026-08-22,2026-08-22,Root validation only; downstream SEO opportunity remains unvalidated.
root-fermentation-brine-calculator,fermentation brine calculator,fermentation brine calculator,brine calculator,domain,domain_pattern,calculate,tool,fermentation;food,fermentation brine calculator; brine percentage calculator; sauerkraut salt calculator,verified,L2,"Observed as a repeated salt/brine calculation demand across independent fermentation tools, supported by separate salt/brine guidance.",references/baking-fermentation-demand-evidence-2026-08-22.md#fermentation-brine-calculator,Baking/Fermentation SERP & site research 2026-08-22,https://www.fermentcalculator.com/brine/fermentation-brine-calculator | https://farmergrows.com/fermentation-brine-calculator/ | https://culturesforhealth.com/blogs/learn/natural-fermentation-how-much-salt-brine,2026-08-22,2026-08-22,Root validation only; downstream SEO opportunity remains unvalidated.
root-fermentation-troubleshooting,fermentation troubleshooting,x fermentation troubleshooting,ferment troubleshooting,domain,domain_pattern,check,informational,fermentation;baking,fermentation troubleshooting; sourdough troubleshooting; fermented vegetables troubleshooting,verified,L2,"Observed as a recurring diagnostic information family across Cultures For Health and King Arthur Baking, covering mold, yeast, odor, stalled fermentation, starter health, and related failure modes.",references/baking-fermentation-demand-evidence-2026-08-22.md#fermentation-troubleshooting,Baking/Fermentation SERP & site research 2026-08-22,https://culturesforhealth.com/blogs/learn/natural-fermentation-fermented-vegetables-troubleshooting-faq | https://culturesforhealth.com/blogs/learn/natural-fermentation-vegetable-ferments-mold | https://www.kingarthurbaking.com/learn/guides/sourdough/create,2026-08-22,2026-08-22,Root validation only; downstream SEO opportunity remains unvalidated.
root-sourdough-schedule,sourdough schedule,sourdough schedule,sourdough baking schedule,domain,planning_pattern,plan,informational,baking;fermentation,sourdough schedule; sourdough baking schedule; sourdough starter feeding schedule,verified,L2,Observed as a recurring planning demand across King Arthur Baking schedule guidance and fermentation-timeline tools.,references/baking-fermentation-demand-evidence-2026-08-22.md#sourdough-schedule,Baking/Fermentation SERP & site research 2026-08-22,https://www.kingarthurbaking.com/blog/2026/05/20/sourdough-starter-feeding-schedule | https://sdtimer.com/sourdough-fermentation-calculator | https://www.fermentcalculator.com/sourdough/bulk-fermentation-calculator,2026-08-22,2026-08-22,Root validation only; downstream SEO opportunity remains unvalidated.
